id,NameID,DescriptionID,NameIDParam,DescriptionIDParam,Type,TypeParam1,TypeParam2,TypeParam3,Potential1,Potential2,Potential3,Potential4,Potential5,Potential6,Potential7,Potential8,Potential9,Potential10,LevelLimit,HeroLevelLimit,NeedJobClass,Rank,OverlapCount,IconImageIndex,Amount,SellAmount,State1,State1_GenProb,State1_Min,State1_Max,State2,State2_GenProb,State2_Min,State2_Max,State3,State3_GenProb,State3_Min,State3_Max,State4,State4_GenProb,State4_Min,State4_Max,State5,State5_GenProb,State5_Min,State5_Max,State6,State6_GenProb,State6_Min,State6_Max,State7,State7_GenProb,State7_Min,State7_Max,State8,State8_GenProb,State8_Min,State8_Max,State9,State9_GenProb,State9_Min,State9_Max,State10,State10_GenProb,State10_Min,State10_Max,Skill_GenProb,SkillID,SkillLevel,SkillUsingType,Reversion,SealCount,IsAuthentication,IsDestruction,IsCash,RootSound,DragSound,UseSound,DropSkinName,DropAniName,DropActName,EnchantID,DisjointorType,Disjointamount,DisjointDrop1,AllowMapTypes,ShowAlarmDialog,NeedPvPRank,SealID,IsSealed,CashTradeCount,Compose,ComposeList,ApplicableValue,ApplicableValue2,IsCollectingEvent,ExchangeType,UseLevelLimit,IsRebuyable,ItemCategoryType,AbleWStorage,isUse,dragonjeweltype,CashOverLabBuy,ShowOldLabel,TierName,GearScore,overlablimit,AbleStorage,CashDisjointGroup,TooltipCharmNum,CloneSkillOn
268436067,1000004083,1000037645,"{1000037618},{1000038741}",,90,0,0,0,0,0,0,0,0,0,0,0,0,0,40,0,0,1,100,13413,0,1,0,0,0,0,0,0,0,0,0,0,0,0,0,0,0,0,0,0,0,0,0,0,0,0,0,0,0,0,0,0,0,0,0,0,0,0,0,0,0,0,1,77049,1,2,0,0,0,1,0,0,12884,12886,12891,4875,4876,0,0,0,0,-49305,1,0,0,0,0,0,0,0,0,0,51,0,1,0,0,1,0,0,0,0,0,0,1,0,,0
268435805,1000004083,1000037645,"{1000037618},{1000038741}",,90,0,0,0,0,0,0,0,0,0,0,0,0,0,40,0,0,1,100,13413,0,505,0,0,0,0,0,0,0,0,0,0,0,0,0,0,0,0,0,0,0,0,0,0,0,0,0,0,0,0,0,0,0,0,0,0,0,0,0,0,0,0,1,77001,1,2,0,0,0,1,0,0,12884,12886,12891,4875,4876,0,0,0,0,-49305,1,0,0,0,0,0,0,0,0,0,51,0,1,0,0,1,0,0,0,0,0,0,1,0,,0
268435806,1000004083,1000037645,"{1000037618},{1000038741}",,90,0,0,0,0,0,0,0,0,0,0,0,0,0,40,0,0,2,100,13413,0,608,0,0,0,0,0,0,0,0,0,0,0,0,0,0,0,0,0,0,0,0,0,0,0,0,0,0,0,0,0,0,0,0,0,0,0,0,0,0,0,0,1,77002,1,2,1,1,0,1,0,0,12884,12886,12891,4875,4876,0,0,0,0,-49305,1,0,5000100,0,0,0,0,0,0,0,51,0,1,0,0,1,0,0,0,0,0,0,1,0,,0
268435807,1000004083,1000037645,"{1000037618},{1000038741}",,90,0,0,0,0,0,0,0,0,0,0,0,0,0,40,0,0,3,100,13413,0,723,0,0,0,0,0,0,0,0,0,0,0,0,0,0,0,0,0,0,0,0,0,0,0,0,0,0,0,0,0,0,0,0,0,0,0,0,0,0,0,0,1,77003,1,2,1,1,0,1,0,0,12884,12886,12891,4875,4876,0,0,0,0,-49305,1,0,5100100,0,0,0,0,0,0,0,51,0,1,0,0,1,0,0,0,0,0,0,1,0,,0
268435808,1000004083,1000037645,"{1000037618},{1000038742}",,90,0,0,0,0,0,0,0,0,0,0,0,0,0,40,0,0,1,100,13413,0,505,0,0,0,0,0,0,0,0,0,0,0,0,0,0,0,0,0,0,0,0,0,0,0,0,0,0,0,0,0,0,0,0,0,0,0,0,0,0,0,0,1,77004,1,2,0,0,0,1,0,0,12884,12886,12891,4875,4876,0,0,0,0,-49305,1,0,0,0,0,0,0,0,0,0,51,0,1,0,0,1,0,0,0,0,0,0,1,0,,0
268435809,1000004083,1000037645,"{1000037618},{1000038742}",,90,0,0,0,0,0,0,0,0,0,0,0,0,0,40,0,0,2,100,13413,0,608,0,0,0,0,0,0,0,0,0,0,0,0,0,0,0,0,0,0,0,0,0,0,0,0,0,0,0,0,0,0,0,0,0,0,0,0,0,0,0,0,1,77005,1,2,1,1,0,1,0,0,12884,12886,12891,4875,4876,0,0,0,0,-49305,1,0,5000100,0,0,0,0,0,0,0,51,0,1,0,0,1,0,0,0,0,0,0,1,0,,0
268435810,1000004083,1000037645,"{1000037618},{1000038742}",,90,0,0,0,0,0,0,0,0,0,0,0,0,0,40,0,0,3,100,13413,0,723,0,0,0,0,0,0,0,0,0,0,0,0,0,0,0,0,0,0,0,0,0,0,0,0,0,0,0,0,0,0,0,0,0,0,0,0,0,0,0,0,1,77006,1,2,1,1,0,1,0,0,12884,12886,12891,4875,4876,0,0,0,0,-49305,1,0,5100100,0,0,0,0,0,0,0,51,0,1,0,0,1,0,0,0,0,0,0,1,0,,0
268435811,1000004083,1000037645,"{1000037618},{1000038743}",,90,0,0,0,0,0,0,0,0,0,0,0,0,0,40,0,0,1,100,13413,0,505,0,0,0,0,0,0,0,0,0,0,0,0,0,0,0,0,0,0,0,0,0,0,0,0,0,0,0,0,0,0,0,0,0,0,0,0,0,0,0,0,1,77007,1,2,0,0,0,1,0,0,12884,12886,12891,4875,4876,0,0,0,0,-49305,1,0,0,0,0,0,0,0,0,0,51,0,1,0,0,1,0,0,0,0,0,0,1,0,,0
268435812,1000004083,1000037645,"{1000037618},{1000038743}",,90,0,0,0,0,0,0,0,0,0,0,0,0,0,40,0,0,2,100,13413,0,608,0,0,0,0,0,0,0,0,0,0,0,0,0,0,0,0,0,0,0,0,0,0,0,0,0,0,0,0,0,0,0,0,0,0,0,0,0,0,0,0,1,77008,1,2,1,1,0,1,0,0,12884,12886,12891,4875,4876,0,0,0,0,-49305,1,0,5000100,0,0,0,0,0,0,0,51,0,1,0,0,1,0,0,0,0,0,0,1,0,,0
268435813,1000004083,1000037645,"{1000037618},{1000038743}",,90,0,0,0,0,0,0,0,0,0,0,0,0,0,40,0,0,3,100,13413,0,723,0,0,0,0,0,0,0,0,0,0,0,0,0,0,0,0,0,0,0,0,0,0,0,0,0,0,0,0,0,0,0,0,0,0,0,0,0,0,0,0,1,77009,1,2,1,1,0,1,0,0,12884,12886,12891,4875,4876,0,0,0,0,-49305,1,0,5100100,0,0,0,0,0,0,0,51,0,1,0,0,1,0,0,0,0,0,0,1,0,,0
268435814,1000004083,1000037645,"{1000037618},{1000038744}",,90,0,0,0,0,0,0,0,0,0,0,0,0,0,40,0,0,1,100,13413,0,505,0,0,0,0,0,0,0,0,0,0,0,0,0,0,0,0,0,0,0,0,0,0,0,0,0,0,0,0,0,0,0,0,0,0,0,0,0,0,0,0,1,77010,1,2,0,0,0,1,0,0,12884,12886,12891,4875,4876,0,0,0,0,-49305,1,0,0,0,0,0,0,0,0,0,51,0,1,0,0,1,0,0,0,0,0,0,1,0,,0
268435815,1000004083,1000037645,"{1000037618},{1000038744}",,90,0,0,0,0,0,0,0,0,0,0,0,0,0,40,0,0,2,100,13413,0,608,0,0,0,0,0,0,0,0,0,0,0,0,0,0,0,0,0,0,0,0,0,0,0,0,0,0,0,0,0,0,0,0,0,0,0,0,0,0,0,0,1,77011,1,2,1,1,0,1,0,0,12884,12886,12891,4875,4876,0,0,0,0,-49305,1,0,5000100,0,0,0,0,0,0,0,51,0,1,0,0,1,0,0,0,0,0,0,1,0,,0
268435816,1000004083,1000037645,"{1000037618},{1000038744}",,90,0,0,0,0,0,0,0,0,0,0,0,0,0,40,0,0,3,100,13413,0,723,0,0,0,0,0,0,0,0,0,0,0,0,0,0,0,0,0,0,0,0,0,0,0,0,0,0,0,0,0,0,0,0,0,0,0,0,0,0,0,0,1,77012,1,2,1,1,0,1,0,0,12884,12886,12891,4875,4876,0,0,0,0,-49305,1,0,5100100,0,0,0,0,0,0,0,51,0,1,0,0,1,0,0,0,0,0,0,1,0,,0
268435817,1000004083,1000037646,"{1000037619},{1000038741}",,90,0,0,0,0,0,0,0,0,0,0,0,0,0,40,0,0,1,100,13414,0,505,0,0,0,0,0,0,0,0,0,0,0,0,0,0,0,0,0,0,0,0,0,0,0,0,0,0,0,0,0,0,0,0,0,0,0,0,0,0,0,0,1,77013,1,2,0,0,0,1,0,0,12884,12886,12891,4875,4876,0,0,0,0,-49305,1,0,0,0,0,0,0,0,0,0,51,0,1,0,0,1,0,0,0,0,0,0,1,0,,0
268435818,1000004083,1000037646,"{1000037619},{1000038741}",,90,0,0,0,0,0,0,0,0,0,0,0,0,0,40,0,0,2,100,13414,0,608,0,0,0,0,0,0,0,0,0,0,0,0,0,0,0,0,0,0,0,0,0,0,0,0,0,0,0,0,0,0,0,0,0,0,0,0,0,0,0,0,1,77014,1,2,1,1,0,1,0,0,12884,12886,12891,4875,4876,0,0,0,0,-49305,1,0,5000100,0,0,0,0,0,0,0,51,0,1,0,0,1,0,0,0,0,0,0,1,0,,0
268435819,1000004083,1000037646,"{1000037619},{1000038741}",,90,0,0,0,0,0,0,0,0,0,0,0,0,0,40,0,0,3,100,13414,0,723,0,0,0,0,0,0,0,0,0,0,0,0,0,0,0,0,0,0,0,0,0,0,0,0,0,0,0,0,0,0,0,0,0,0,0,0,0,0,0,0,1,77015,1,2,1,1,0,1,0,0,12884,12886,12891,4875,4876,0,0,0,0,-49305,1,0,5100100,0,0,0,0,0,0,0,51,0,1,0,0,1,0,0,0,0,0,0,1,0,,0
268435820,1000004083,1000037646,"{1000037619},{1000038742}",,90,0,0,0,0,0,0,0,0,0,0,0,0,0,40,0,0,1,100,13414,0,505,0,0,0,0,0,0,0,0,0,0,0,0,0,0,0,0,0,0,0,0,0,0,0,0,0,0,0,0,0,0,0,0,0,0,0,0,0,0,0,0,1,77016,1,2,0,0,0,1,0,0,12884,12886,12891,4875,4876,0,0,0,0,-49305,1,0,0,0,0,0,0,0,0,0,51,0,1,0,0,1,0,0,0,0,0,0,1,0,,0
268435821,1000004083,1000037646,"{1000037619},{1000038742}",,90,0,0,0,0,0,0,0,0,0,0,0,0,0,40,0,0,2,100,13414,0,608,0,0,0,0,0,0,0,0,0,0,0,0,0,0,0,0,0,0,0,0,0,0,0,0,0,0,0,0,0,0,0,0,0,0,0,0,0,0,0,0,1,77017,1,2,1,1,0,1,0,0,12884,12886,12891,4875,4876,0,0,0,0,-49305,1,0,5000100,0,0,0,0,0,0,0,51,0,1,0,0,1,0,0,0,0,0,0,1,0,,0
268435822,1000004083,1000037646,"{1000037619},{1000038742}",,90,0,0,0,0,0,0,0,0,0,0,0,0,0,40,0,0,3,100,13414,0,723,0,0,0,0,0,0,0,0,0,0,0,0,0,0,0,0,0,0,0,0,0,0,0,0,0,0,0,0,0,0,0,0,0,0,0,0,0,0,0,0,1,77018,1,2,1,1,0,1,0,0,12884,12886,12891,4875,4876,0,0,0,0,-49305,1,0,5100100,0,0,0,0,0,0,0,51,0,1,0,0,1,0,0,0,0,0,0,1,0,,0
268435823,1000004083,1000037646,"{1000037619},{1000038743}",,90,0,0,0,0,0,0,0,0,0,0,0,0,0,40,0,0,1,100,13414,0,505,0,0,0,0,0,0,0,0,0,0,0,0,0,0,0,0,0,0,0,0,0,0,0,0,0,0,0,0,0,0,0,0,0,0,0,0,0,0,0,0,1,77019,1,2,0,0,0,1,0,0,12884,12886,12891,4875,4876,0,0,0,0,-49305,1,0,0,0,0,0,0,0,0,0,51,0,1,0,0,1,0,0,0,0,0,0,1,0,,0
268435824,1000004083,1000037646,"{1000037619},{1000038743}",,90,0,0,0,0,0,0,0,0,0,0,0,0,0,40,0,0,2,100,13414,0,608,0,0,0,0,0,0,0,0,0,0,0,0,0,0,0,0,0,0,0,0,0,0,0,0,0,0,0,0,0,0,0,0,0,0,0,0,0,0,0,0,1,77020,1,2,1,1,0,1,0,0,12884,12886,12891,4875,4876,0,0,0,0,-49305,1,0,5000100,0,0,0,0,0,0,0,51,0,1,0,0,1,0,0,0,0,0,0,1,0,,0
268435825,1000004083,1000037646,"{1000037619},{1000038743}",,90,0,0,0,0,0,0,0,0,0,0,0,0,0,40,0,0,3,100,13414,0,723,0,0,0,0,0,0,0,0,0,0,0,0,0,0,0,0,0,0,0,0,0,0,0,0,0,0,0,0,0,0,0,0,0,0,0,0,0,0,0,0,1,77021,1,2,1,1,0,1,0,0,12884,12886,12891,4875,4876,0,0,0,0,-49305,1,0,5100100,0,0,0,0,0,0,0,51,0,1,0,0,1,0,0,0,0,0,0,1,0,,0
268435826,1000004083,1000037646,"{1000037619},{1000038744}",,90,0,0,0,0,0,0,0,0,0,0,0,0,0,40,0,0,1,100,13414,0,505,0,0,0,0,0,0,0,0,0,0,0,0,0,0,0,0,0,0,0,0,0,0,0,0,0,0,0,0,0,0,0,0,0,0,0,0,0,0,0,0,1,77022,1,2,0,0,0,1,0,0,12884,12886,12891,4875,4876,0,0,0,0,-49305,1,0,0,0,0,0,0,0,0,0,51,0,1,0,0,1,0,0,0,0,0,0,1,0,,0
268435827,1000004083,1000037646,"{1000037619},{1000038744}",,90,0,0,0,0,0,0,0,0,0,0,0,0,0,40,0,0,2,100,13414,0,608,0,0,0,0,0,0,0,0,0,0,0,0,0,0,0,0,0,0,0,0,0,0,0,0,0,0,0,0,0,0,0,0,0,0,0,0,0,0,0,0,1,77023,1,2,1,1,0,1,0,0,12884,12886,12891,4875,4876,0,0,0,0,-49305,1,0,5000100,0,0,0,0,0,0,0,51,0,1,0,0,1,0,0,0,0,0,0,1,0,,0
268435828,1000004083,1000037646,"{1000037619},{1000038744}",,90,0,0,0,0,0,0,0,0,0,0,0,0,0,40,0,0,3,100,13414,0,723,0,0,0,0,0,0,0,0,0,0,0,0,0,0,0,0,0,0,0,0,0,0,0,0,0,0,0,0,0,0,0,0,0,0,0,0,0,0,0,0,1,77024,1,2,1,1,0,1,0,0,12884,12886,12891,4875,4876,0,0,0,0,-49305,1,0,5100100,0,0,0,0,0,0,0,51,0,1,0,0,1,0,0,0,0,0,0,1,0,,0
268435829,1000004083,1000037647,"{1000037620},{1000038741}",,90,0,0,0,0,0,0,0,0,0,0,0,0,0,40,0,0,1,100,13415,0,505,0,0,0,0,0,0,0,0,0,0,0,0,0,0,0,0,0,0,0,0,0,0,0,0,0,0,0,0,0,0,0,0,0,0,0,0,0,0,0,0,1,77025,1,2,0,0,0,1,0,0,12884,12886,12891,4875,4876,0,0,0,0,-49305,1,0,0,0,0,0,0,0,0,0,51,0,1,0,0,1,0,0,0,0,0,0,1,0,,0
268435830,1000004083,1000037647,"{1000037620},{1000038741}",,90,0,0,0,0,0,0,0,0,0,0,0,0,0,40,0,0,2,100,13415,0,608,0,0,0,0,0,0,0,0,0,0,0,0,0,0,0,0,0,0,0,0,0,0,0,0,0,0,0,0,0,0,0,0,0,0,0,0,0,0,0,0,1,77026,1,2,1,1,0,1,0,0,12884,12886,12891,4875,4876,0,0,0,0,-49305,1,0,5000100,0,0,0,0,0,0,0,51,0,1,0,0,1,0,0,0,0,0,0,1,0,,0
268435831,1000004083,1000037647,"{1000037620},{1000038741}",,90,0,0,0,0,0,0,0,0,0,0,0,0,0,40,0,0,3,100,13415,0,723,0,0,0,0,0,0,0,0,0,0,0,0,0,0,0,0,0,0,0,0,0,0,0,0,0,0,0,0,0,0,0,0,0,0,0,0,0,0,0,0,1,77027,1,2,1,1,0,1,0,0,12884,12886,12891,4875,4876,0,0,0,0,-49305,1,0,5100100,0,0,0,0,0,0,0,51,0,1,0,0,1,0,0,0,0,0,0,1,0,,0
268435832,1000004083,1000037647,"{1000037620},{1000038742}",,90,0,0,0,0,0,0,0,0,0,0,0,0,0,40,0,0,1,100,13415,0,505,0,0,0,0,0,0,0,0,0,0,0,0,0,0,0,0,0,0,0,0,0,0,0,0,0,0,0,0,0,0,0,0,0,0,0,0,0,0,0,0,1,77028,1,2,0,0,0,1,0,0,12884,12886,12891,4875,4876,0,0,0,0,-49305,1,0,0,0,0,0,0,0,0,0,51,0,1,0,0,1,0,0,0,0,0,0,1,0,,0
268435833,1000004083,1000037647,"{1000037620},{1000038742}",,90,0,0,0,0,0,0,0,0,0,0,0,0,0,40,0,0,2,100,13415,0,608,0,0,0,0,0,0,0,0,0,0,0,0,0,0,0,0,0,0,0,0,0,0,0,0,0,0,0,0,0,0,0,0,0,0,0,0,0,0,0,0,1,77029,1,2,1,1,0,1,0,0,12884,12886,12891,4875,4876,0,0,0,0,-49305,1,0,5000100,0,0,0,0,0,0,0,51,0,1,0,0,1,0,0,0,0,0,0,1,0,,0
268435834,1000004083,1000037647,"{1000037620},{1000038742}",,90,0,0,0,0,0,0,0,0,0,0,0,0,0,40,0,0,3,100,13415,0,723,0,0,0,0,0,0,0,0,0,0,0,0,0,0,0,0,0,0,0,0,0,0,0,0,0,0,0,0,0,0,0,0,0,0,0,0,0,0,0,0,1,77030,1,2,1,1,0,1,0,0,12884,12886,12891,4875,4876,0,0,0,0,-49305,1,0,5100100,0,0,0,0,0,0,0,51,0,1,0,0,1,0,0,0,0,0,0,1,0,,0
268435835,1000004083,1000037647,"{1000037620},{1000038743}",,90,0,0,0,0,0,0,0,0,0,0,0,0,0,40,0,0,1,100,13415,0,505,0,0,0,0,0,0,0,0,0,0,0,0,0,0,0,0,0,0,0,0,0,0,0,0,0,0,0,0,0,0,0,0,0,0,0,0,0,0,0,0,1,77031,1,2,0,0,0,1,0,0,12884,12886,12891,4875,4876,0,0,0,0,-49305,1,0,0,0,0,0,0,0,0,0,51,0,1,0,0,1,0,0,0,0,0,0,1,0,,0
268435836,1000004083,1000037647,"{1000037620},{1000038743}",,90,0,0,0,0,0,0,0,0,0,0,0,0,0,40,0,0,2,100,13415,0,608,0,0,0,0,0,0,0,0,0,0,0,0,0,0,0,0,0,0,0,0,0,0,0,0,0,0,0,0,0,0,0,0,0,0,0,0,0,0,0,0,1,77032,1,2,1,1,0,1,0,0,12884,12886,12891,4875,4876,0,0,0,0,-49305,1,0,5000100,0,0,0,0,0,0,0,51,0,1,0,0,1,0,0,0,0,0,0,1,0,,0
268435837,1000004083,1000037647,"{1000037620},{1000038743}",,90,0,0,0,0,0,0,0,0,0,0,0,0,0,40,0,0,3,100,13415,0,723,0,0,0,0,0,0,0,0,0,0,0,0,0,0,0,0,0,0,0,0,0,0,0,0,0,0,0,0,0,0,0,0,0,0,0,0,0,0,0,0,1,77033,1,2,1,1,0,1,0,0,12884,12886,12891,4875,4876,0,0,0,0,-49305,1,0,5100100,0,0,0,0,0,0,0,51,0,1,0,0,1,0,0,0,0,0,0,1,0,,0
268435838,1000004083,1000037647,"{1000037620},{1000038744}",,90,0,0,0,0,0,0,0,0,0,0,0,0,0,40,0,0,1,100,13415,0,505,0,0,0,0,0,0,0,0,0,0,0,0,0,0,0,0,0,0,0,0,0,0,0,0,0,0,0,0,0,0,0,0,0,0,0,0,0,0,0,0,1,77034,1,2,0,0,0,1,0,0,12884,12886,12891,4875,4876,0,0,0,0,-49305,1,0,0,0,0,0,0,0,0,0,51,0,1,0,0,1,0,0,0,0,0,0,1,0,,0
268435839,1000004083,1000037647,"{1000037620},{1000038744}",,90,0,0,0,0,0,0,0,0,0,0,0,0,0,40,0,0,2,100,13415,0,608,0,0,0,0,0,0,0,0,0,0,0,0,0,0,0,0,0,0,0,0,0,0,0,0,0,0,0,0,0,0,0,0,0,0,0,0,0,0,0,0,1,77035,1,2,1,1,0,1,0,0,12884,12886,12891,4875,4876,0,0,0,0,-49305,1,0,5000100,0,0,0,0,0,0,0,51,0,1,0,0,1,0,0,0,0,0,0,1,0,,0
268435840,1000004083,1000037647,"{1000037620},{1000038744}",,90,0,0,0,0,0,0,0,0,0,0,0,0,0,40,0,0,3,100,13415,0,723,0,0,0,0,0,0,0,0,0,0,0,0,0,0,0,0,0,0,0,0,0,0,0,0,0,0,0,0,0,0,0,0,0,0,0,0,0,0,0,0,1,77036,1,2,1,1,0,1,0,0,12884,12886,12891,4875,4876,0,0,0,0,-49305,1,0,5100100,0,0,0,0,0,0,0,51,0,1,0,0,1,0,0,0,0,0,0,1,0,,0
268435841,1000004083,1000037648,"{1000037621},{1000038741}",,90,0,0,0,0,0,0,0,0,0,0,0,0,0,50,0,0,1,100,13416,0,551,0,0,0,0,0,0,0,0,0,0,0,0,0,0,0,0,0,0,0,0,0,0,0,0,0,0,0,0,0,0,0,0,0,0,0,0,0,0,0,0,1,77037,1,2,0,0,0,1,0,0,12884,12886,12891,4875,4876,0,0,0,0,-49305,1,0,0,0,0,0,0,0,0,0,51,0,1,0,0,1,0,0,0,0,0,0,1,0,,0
268435842,1000004083,1000037648,"{1000037621},{1000038741}",,90,0,0,0,0,0,0,0,0,0,0,0,0,0,50,0,0,2,100,13416,0,667,0,0,0,0,0,0,0,0,0,0,0,0,0,0,0,0,0,0,0,0,0,0,0,0,0,0,0,0,0,0,0,0,0,0,0,0,0,0,0,0,1,77038,1,2,1,1,0,1,0,0,12884,12886,12891,4875,4876,0,0,0,0,-49305,1,0,5000200,0,0,0,0,0,0,0,51,0,1,0,0,1,0,0,0,0,0,0,1,0,,0
268435843,1000004083,1000037648,"{1000037621},{1000038741}",,90,0,0,0,0,0,0,0,0,0,0,0,0,0,50,0,0,3,100,13416,0,810,0,0,0,0,0,0,0,0,0,0,0,0,0,0,0,0,0,0,0,0,0,0,0,0,0,0,0,0,0,0,0,0,0,0,0,0,0,0,0,0,1,77039,1,2,1,1,0,1,0,0,12884,12886,12891,4875,4876,0,0,0,0,-49305,1,0,5100200,0,0,0,0,0,0,0,51,0,1,0,0,1,0,0,0,0,0,0,1,0,,0
268435844,1000004083,1000037648,"{1000037621},{1000038742}",,90,0,0,0,0,0,0,0,0,0,0,0,0,0,50,0,0,1,100,13416,0,551,0,0,0,0,0,0,0,0,0,0,0,0,0,0,0,0,0,0,0,0,0,0,0,0,0,0,0,0,0,0,0,0,0,0,0,0,0,0,0,0,1,77040,1,2,0,0,0,1,0,0,12884,12886,12891,4875,4876,0,0,0,0,-49305,1,0,0,0,0,0,0,0,0,0,51,0,1,0,0,1,0,0,0,0,0,0,1,0,,0
268435845,1000004083,1000037648,"{1000037621},{1000038742}",,90,0,0,0,0,0,0,0,0,0,0,0,0,0,50,0,0,2,100,13416,0,667,0,0,0,0,0,0,0,0,0,0,0,0,0,0,0,0,0,0,0,0,0,0,0,0,0,0,0,0,0,0,0,0,0,0,0,0,0,0,0,0,1,77041,1,2,1,1,0,1,0,0,12884,12886,12891,4875,4876,0,0,0,0,-49305,1,0,5000200,0,0,0,0,0,0,0,51,0,1,0,0,1,0,0,0,0,0,0,1,0,,0
268435846,1000004083,1000037648,"{1000037621},{1000038742}",,90,0,0,0,0,0,0,0,0,0,0,0,0,0,50,0,0,3,100,13416,0,810,0,0,0,0,0,0,0,0,0,0,0,0,0,0,0,0,0,0,0,0,0,0,0,0,0,0,0,0,0,0,0,0,0,0,0,0,0,0,0,0,1,77042,1,2,1,1,0,1,0,0,12884,12886,12891,4875,4876,0,0,0,0,-49305,1,0,5100200,0,0,0,0,0,0,0,51,0,1,0,0,1,0,0,0,0,0,0,1,0,,0
268435847,1000004083,1000037648,"{1000037621},{1000038743}",,90,0,0,0,0,0,0,0,0,0,0,0,0,0,50,0,0,1,100,13416,0,551,0,0,0,0,0,0,0,0,0,0,0,0,0,0,0,0,0,0,0,0,0,0,0,0,0,0,0,0,0,0,0,0,0,0,0,0,0,0,0,0,1,77043,1,2,0,0,0,1,0,0,12884,12886,12891,4875,4876,0,0,0,0,-49305,1,0,0,0,0,0,0,0,0,0,51,0,1,0,0,1,0,0,0,0,0,0,1,0,,0
268435848,1000004083,1000037648,"{1000037621},{1000038743}",,90,0,0,0,0,0,0,0,0,0,0,0,0,0,50,0,0,2,100,13416,0,667,0,0,0,0,0,0,0,0,0,0,0,0,0,0,0,0,0,0,0,0,0,0,0,0,0,0,0,0,0,0,0,0,0,0,0,0,0,0,0,0,1,77044,1,2,1,1,0,1,0,0,12884,12886,12891,4875,4876,0,0,0,0,-49305,1,0,5000200,0,0,0,0,0,0,0,51,0,1,0,0,1,0,0,0,0,0,0,1,0,,0
268435849,1000004083,1000037648,"{1000037621},{1000038743}",,90,0,0,0,0,0,0,0,0,0,0,0,0,0,50,0,0,3,100,13416,0,810,0,0,0,0,0,0,0,0,0,0,0,0,0,0,0,0,0,0,0,0,0,0,0,0,0,0,0,0,0,0,0,0,0,0,0,0,0,0,0,0,1,77045,1,2,1,1,0,1,0,0,12884,12886,12891,4875,4876,0,0,0,0,-49305,1,0,5100200,0,0,0,0,0,0,0,51,0,1,0,0,1,0,0,0,0,0,0,1,0,,0
268435850,1000004083,1000037648,"{1000037621},{1000038744}",,90,0,0,0,0,0,0,0,0,0,0,0,0,0,50,0,0,1,100,13416,0,551,0,0,0,0,0,0,0,0,0,0,0,0,0,0,0,0,0,0,0,0,0,0,0,0,0,0,0,0,0,0,0,0,0,0,0,0,0,0,0,0,1,77046,1,2,0,0,0,1,0,0,12884,12886,12891,4875,4876,0,0,0,0,-49305,1,0,0,0,0,0,0,0,0,0,51,0,1,0,0,1,0,0,0,0,0,0,1,0,,0
268435851,1000004083,1000037648,"{1000037621},{1000038744}",,90,0,0,0,0,0,0,0,0,0,0,0,0,0,50,0,0,2,100,13416,0,667,0,0,0,0,0,0,0,0,0,0,0,0,0,0,0,0,0,0,0,0,0,0,0,0,0,0,0,0,0,0,0,0,0,0,0,0,0,0,0,0,1,77047,1,2,1,1,0,1,0,0,12884,12886,12891,4875,4876,0,0,0,0,-49305,1,0,5000200,0,0,0,0,0,0,0,51,0,1,0,0,1,0,0,0,0,0,0,1,0,,0
268435852,1000004083,1000037648,"{1000037621},{1000038744}",,90,0,0,0,0,0,0,0,0,0,0,0,0,0,50,0,0,3,100,13416,0,810,0,0,0,0,0,0,0,0,0,0,0,0,0,0,0,0,0,0,0,0,0,0,0,0,0,0,0,0,0,0,0,0,0,0,0,0,0,0,0,0,1,77048,1,2,1,1,0,1,0,0,12884,12886,12891,4875,4876,0,0,0,0,-49305,1,0,5100200,0,0,0,0,0,0,0,51,0,1,0,0,1,0,0,0,0,0,0,1,0,,0
268436068,1000004083,1000037648,"{1000037621},{1000038744}",,90,0,0,0,0,0,0,0,0,0,0,0,0,0,50,0,0,3,100,13416,0,1,0,0,0,0,0,0,0,0,0,0,0,0,0,0,0,0,0,0,0,0,0,0,0,0,0,0,0,0,0,0,0,0,0,0,0,0,0,0,0,0,1,77049,1,2,1,1,0,1,0,0,12884,12886,12891,4875,4876,0,0,0,0,-49305,1,0,5100200,0,0,0,0,0,0,0,51,0,1,0,0,1,0,0,0,0,0,0,1,0,,0
268436069,1000004083,1000038746,"{1000038745},{1000038741}",,90,0,0,0,0,0,0,0,0,0,0,0,0,0,50,0,0,1,100,13430,0,551,0,0,0,0,0,0,0,0,0,0,0,0,0,0,0,0,0,0,0,0,0,0,0,0,0,0,0,0,0,0,0,0,0,0,0,0,0,0,0,0,1,77050,1,2,0,0,0,1,0,0,12884,12886,12891,4875,4876,0,0,0,0,-49305,1,0,0,0,0,0,0,0,0,0,51,0,1,0,0,1,0,0,0,0,0,0,1,0,,0
268436070,1000004083,1000038746,"{1000038745},{1000038741}",,90,0,0,0,0,0,0,0,0,0,0,0,0,0,50,0,0,2,100,13430,0,667,0,0,0,0,0,0,0,0,0,0,0,0,0,0,0,0,0,0,0,0,0,0,0,0,0,0,0,0,0,0,0,0,0,0,0,0,0,0,0,0,1,77051,1,2,1,1,0,1,0,0,12884,12886,12891,4875,4876,0,0,0,0,-49305,1,0,5000200,0,0,0,0,0,0,0,51,0,1,0,0,1,0,0,0,0,0,0,1,0,,0
268436071,1000004083,1000038746,"{1000038745},{1000038741}",,90,0,0,0,0,0,0,0,0,0,0,0,0,0,50,0,0,3,100,13430,0,810,0,0,0,0,0,0,0,0,0,0,0,0,0,0,0,0,0,0,0,0,0,0,0,0,0,0,0,0,0,0,0,0,0,0,0,0,0,0,0,0,1,77052,1,2,1,1,0,1,0,0,12884,12886,12891,4875,4876,0,0,0,0,-49305,1,0,5100200,0,0,0,0,0,0,0,51,0,1,0,0,1,0,0,0,0,0,0,1,0,,0
268436072,1000004083,1000038746,"{1000038745},{1000038742}",,90,0,0,0,0,0,0,0,0,0,0,0,0,0,50,0,0,1,100,13430,0,551,0,0,0,0,0,0,0,0,0,0,0,0,0,0,0,0,0,0,0,0,0,0,0,0,0,0,0,0,0,0,0,0,0,0,0,0,0,0,0,0,1,77053,1,2,0,0,0,1,0,0,12884,12886,12891,4875,4876,0,0,0,0,-49305,1,0,0,0,0,0,0,0,0,0,51,0,1,0,0,1,0,0,0,0,0,0,1,0,,0
268436073,1000004083,1000038746,"{1000038745},{1000038742}",,90,0,0,0,0,0,0,0,0,0,0,0,0,0,50,0,0,2,100,13430,0,667,0,0,0,0,0,0,0,0,0,0,0,0,0,0,0,0,0,0,0,0,0,0,0,0,0,0,0,0,0,0,0,0,0,0,0,0,0,0,0,0,1,77054,1,2,1,1,0,1,0,0,12884,12886,12891,4875,4876,0,0,0,0,-49305,1,0,5000200,0,0,0,0,0,0,0,51,0,1,0,0,1,0,0,0,0,0,0,1,0,,0
268436074,1000004083,1000038746,"{1000038745},{1000038742}",,90,0,0,0,0,0,0,0,0,0,0,0,0,0,50,0,0,3,100,13430,0,810,0,0,0,0,0,0,0,0,0,0,0,0,0,0,0,0,0,0,0,0,0,0,0,0,0,0,0,0,0,0,0,0,0,0,0,0,0,0,0,0,1,77055,1,2,1,1,0,1,0,0,12884,12886,12891,4875,4876,0,0,0,0,-49305,1,0,5100200,0,0,0,0,0,0,0,51,0,1,0,0,1,0,0,0,0,0,0,1,0,,0
268436075,1000004083,1000038746,"{1000038745},{1000038743}",,90,0,0,0,0,0,0,0,0,0,0,0,0,0,50,0,0,1,100,13430,0,551,0,0,0,0,0,0,0,0,0,0,0,0,0,0,0,0,0,0,0,0,0,0,0,0,0,0,0,0,0,0,0,0,0,0,0,0,0,0,0,0,1,77056,1,2,0,0,0,1,0,0,12884,12886,12891,4875,4876,0,0,0,0,-49305,1,0,0,0,0,0,0,0,0,0,51,0,1,0,0,1,0,0,0,0,0,0,1,0,,0
268436076,1000004083,1000038746,"{1000038745},{1000038743}",,90,0,0,0,0,0,0,0,0,0,0,0,0,0,50,0,0,2,100,13430,0,667,0,0,0,0,0,0,0,0,0,0,0,0,0,0,0,0,0,0,0,0,0,0,0,0,0,0,0,0,0,0,0,0,0,0,0,0,0,0,0,0,1,77057,1,2,1,1,0,1,0,0,12884,12886,12891,4875,4876,0,0,0,0,-49305,1,0,5000200,0,0,0,0,0,0,0,51,0,1,0,0,1,0,0,0,0,0,0,1,0,,0
268436077,1000004083,1000038746,"{1000038745},{1000038743}",,90,0,0,0,0,0,0,0,0,0,0,0,0,0,50,0,0,3,100,13430,0,810,0,0,0,0,0,0,0,0,0,0,0,0,0,0,0,0,0,0,0,0,0,0,0,0,0,0,0,0,0,0,0,0,0,0,0,0,0,0,0,0,1,77058,1,2,1,1,0,1,0,0,12884,12886,12891,4875,4876,0,0,0,0,-49305,1,0,5100200,0,0,0,0,0,0,0,51,0,1,0,0,1,0,0,0,0,0,0,1,0,,0
268436078,1000004083,1000038746,"{1000038745},{1000038744}",,90,0,0,0,0,0,0,0,0,0,0,0,0,0,50,0,0,1,100,13430,0,551,0,0,0,0,0,0,0,0,0,0,0,0,0,0,0,0,0,0,0,0,0,0,0,0,0,0,0,0,0,0,0,0,0,0,0,0,0,0,0,0,1,77059,1,2,0,0,0,1,0,0,12884,12886,12891,4875,4876,0,0,0,0,-49305,1,0,0,0,0,0,0,0,0,0,51,0,1,0,0,1,0,0,0,0,0,0,1,0,,0
268436079,1000004083,1000038746,"{1000038745},{1000038744}",,90,0,0,0,0,0,0,0,0,0,0,0,0,0,50,0,0,2,100,13430,0,667,0,0,0,0,0,0,0,0,0,0,0,0,0,0,0,0,0,0,0,0,0,0,0,0,0,0,0,0,0,0,0,0,0,0,0,0,0,0,0,0,1,77060,1,2,1,1,0,1,0,0,12884,12886,12891,4875,4876,0,0,0,0,-49305,1,0,5000200,0,0,0,0,0,0,0,51,0,1,0,0,1,0,0,0,0,0,0,1,0,,0
268436080,1000004083,1000038746,"{1000038745},{1000038744}",,90,0,0,0,0,0,0,0,0,0,0,0,0,0,50,0,0,3,100,13430,0,810,0,0,0,0,0,0,0,0,0,0,0,0,0,0,0,0,0,0,0,0,0,0,0,0,0,0,0,0,0,0,0,0,0,0,0,0,0,0,0,0,1,77061,1,2,1,1,0,1,0,0,12884,12886,12891,4875,4876,0,0,0,0,-49305,1,0,5100200,0,0,0,0,0,0,0,51,0,1,0,0,1,0,0,0,0,0,0,1,0,,0
268436961,1000004083,1000041409,"{1000041408},{1000038741}",,90,0,0,0,0,0,0,0,0,0,0,0,0,0,50,0,0,1,100,13494,0,551,0,0,0,0,0,0,0,0,0,0,0,0,0,0,0,0,0,0,0,0,0,0,0,0,0,0,0,0,0,0,0,0,0,0,0,0,0,0,0,0,1,77063,1,2,0,0,0,1,0,0,12884,12886,12891,4875,4876,0,0,0,0,-49305,1,0,0,0,0,0,0,0,0,0,51,0,1,0,0,1,0,0,0,0,0,0,1,0,,0
268436962,1000004083,1000041409,"{1000041408},{1000038741}",,90,0,0,0,0,0,0,0,0,0,0,0,0,0,50,0,0,2,100,13494,0,667,0,0,0,0,0,0,0,0,0,0,0,0,0,0,0,0,0,0,0,0,0,0,0,0,0,0,0,0,0,0,0,0,0,0,0,0,0,0,0,0,1,77064,1,2,1,1,0,1,0,0,12884,12886,12891,4875,4876,0,0,0,0,-49305,1,0,5000200,0,0,0,0,0,0,0,51,0,1,0,0,1,0,0,0,0,0,0,1,0,,0
268436963,1000004083,1000041409,"{1000041408},{1000038741}",,90,0,0,0,0,0,0,0,0,0,0,0,0,0,50,0,0,3,100,13494,0,810,0,0,0,0,0,0,0,0,0,0,0,0,0,0,0,0,0,0,0,0,0,0,0,0,0,0,0,0,0,0,0,0,0,0,0,0,0,0,0,0,1,77065,1,2,1,1,0,1,0,0,12884,12886,12891,4875,4876,0,0,0,0,-49305,1,0,5100200,0,0,0,0,0,0,0,51,0,1,0,0,1,0,0,0,0,0,0,1,0,,0
268436964,1000004083,1000041409,"{1000041408},{1000038742}",,90,0,0,0,0,0,0,0,0,0,0,0,0,0,50,0,0,1,100,13494,0,551,0,0,0,0,0,0,0,0,0,0,0,0,0,0,0,0,0,0,0,0,0,0,0,0,0,0,0,0,0,0,0,0,0,0,0,0,0,0,0,0,1,77066,1,2,0,0,0,1,0,0,12884,12886,12891,4875,4876,0,0,0,0,-49305,1,0,0,0,0,0,0,0,0,0,51,0,1,0,0,1,0,0,0,0,0,0,1,0,,0
268436965,1000004083,1000041409,"{1000041408},{1000038742}",,90,0,0,0,0,0,0,0,0,0,0,0,0,0,50,0,0,2,100,13494,0,667,0,0,0,0,0,0,0,0,0,0,0,0,0,0,0,0,0,0,0,0,0,0,0,0,0,0,0,0,0,0,0,0,0,0,0,0,0,0,0,0,1,77067,1,2,1,1,0,1,0,0,12884,12886,12891,4875,4876,0,0,0,0,-49305,1,0,5000200,0,0,0,0,0,0,0,51,0,1,0,0,1,0,0,0,0,0,0,1,0,,0
268436966,1000004083,1000041409,"{1000041408},{1000038742}",,90,0,0,0,0,0,0,0,0,0,0,0,0,0,50,0,0,3,100,13494,0,810,0,0,0,0,0,0,0,0,0,0,0,0,0,0,0,0,0,0,0,0,0,0,0,0,0,0,0,0,0,0,0,0,0,0,0,0,0,0,0,0,1,77068,1,2,1,1,0,1,0,0,12884,12886,12891,4875,4876,0,0,0,0,-49305,1,0,5100200,0,0,0,0,0,0,0,51,0,1,0,0,1,0,0,0,0,0,0,1,0,,0
268436967,1000004083,1000041409,"{1000041408},{1000038743}",,90,0,0,0,0,0,0,0,0,0,0,0,0,0,50,0,0,1,100,13494,0,551,0,0,0,0,0,0,0,0,0,0,0,0,0,0,0,0,0,0,0,0,0,0,0,0,0,0,0,0,0,0,0,0,0,0,0,0,0,0,0,0,1,77069,1,2,0,0,0,1,0,0,12884,12886,12891,4875,4876,0,0,0,0,-49305,1,0,0,0,0,0,0,0,0,0,51,0,1,0,0,1,0,0,0,0,0,0,1,0,,0
268436968,1000004083,1000041409,"{1000041408},{1000038743}",,90,0,0,0,0,0,0,0,0,0,0,0,0,0,50,0,0,2,100,13494,0,667,0,0,0,0,0,0,0,0,0,0,0,0,0,0,0,0,0,0,0,0,0,0,0,0,0,0,0,0,0,0,0,0,0,0,0,0,0,0,0,0,1,77070,1,2,1,1,0,1,0,0,12884,12886,12891,4875,4876,0,0,0,0,-49305,1,0,5000200,0,0,0,0,0,0,0,51,0,1,0,0,1,0,0,0,0,0,0,1,0,,0
268436969,1000004083,1000041409,"{1000041408},{1000038743}",,90,0,0,0,0,0,0,0,0,0,0,0,0,0,50,0,0,3,100,13494,0,810,0,0,0,0,0,0,0,0,0,0,0,0,0,0,0,0,0,0,0,0,0,0,0,0,0,0,0,0,0,0,0,0,0,0,0,0,0,0,0,0,1,77071,1,2,1,1,0,1,0,0,12884,12886,12891,4875,4876,0,0,0,0,-49305,1,0,5100200,0,0,0,0,0,0,0,51,0,1,0,0,1,0,0,0,0,0,0,1,0,,0
268436970,1000004083,1000041409,"{1000041408},{1000038744}",,90,0,0,0,0,0,0,0,0,0,0,0,0,0,50,0,0,1,100,13494,0,551,0,0,0,0,0,0,0,0,0,0,0,0,0,0,0,0,0,0,0,0,0,0,0,0,0,0,0,0,0,0,0,0,0,0,0,0,0,0,0,0,1,77072,1,2,0,0,0,1,0,0,12884,12886,12891,4875,4876,0,0,0,0,-49305,1,0,0,0,0,0,0,0,0,0,51,0,1,0,0,1,0,0,0,0,0,0,1,0,,0
268436971,1000004083,1000041409,"{1000041408},{1000038744}",,90,0,0,0,0,0,0,0,0,0,0,0,0,0,50,0,0,2,100,13494,0,667,0,0,0,0,0,0,0,0,0,0,0,0,0,0,0,0,0,0,0,0,0,0,0,0,0,0,0,0,0,0,0,0,0,0,0,0,0,0,0,0,1,77073,1,2,1,1,0,1,0,0,12884,12886,12891,4875,4876,0,0,0,0,-49305,1,0,5000200,0,0,0,0,0,0,0,51,0,1,0,0,1,0,0,0,0,0,0,1,0,,0
268436972,1000004083,1000041409,"{1000041408},{1000038744}",,90,0,0,0,0,0,0,0,0,0,0,0,0,0,50,0,0,3,100,13494,0,810,0,0,0,0,0,0,0,0,0,0,0,0,0,0,0,0,0,0,0,0,0,0,0,0,0,0,0,0,0,0,0,0,0,0,0,0,0,0,0,0,1,77074,1,2,1,1,0,1,0,0,12884,12886,12891,4875,4876,0,0,0,0,-49305,1,0,5100200,0,0,0,0,0,0,0,51,0,1,0,0,1,0,0,0,0,0,0,1,0,,0
268441992,1000004083,1000046887,"{1000046885},{1000038741}",,90,0,0,0,0,0,0,0,0,0,0,0,0,0,60,0,0,1,100,13607,0,551,0,0,0,0,0,0,0,0,0,0,0,0,0,0,0,0,0,0,0,0,0,0,0,0,0,0,0,0,0,0,0,0,0,0,0,0,0,0,0,0,1,77076,1,2,0,0,0,1,0,0,12884,12886,12891,4875,4876,0,0,0,0,-49305,1,0,0,0,0,0,0,0,0,0,51,0,1,0,0,1,0,0,0,0,0,0,1,0,,0
268441993,1000004083,1000046887,"{1000046885},{1000038741}",,90,0,0,0,0,0,0,0,0,0,0,0,0,0,60,0,0,2,100,13607,0,667,0,0,0,0,0,0,0,0,0,0,0,0,0,0,0,0,0,0,0,0,0,0,0,0,0,0,0,0,0,0,0,0,0,0,0,0,0,0,0,0,1,77077,1,2,1,1,0,1,0,0,12884,12886,12891,4875,4876,0,0,0,0,-49305,1,0,5000300,0,0,0,0,0,0,0,51,0,1,0,0,1,0,0,0,0,0,0,1,0,,0
268441994,1000004083,1000046887,"{1000046885},{1000038741}",,90,0,0,0,0,0,0,0,0,0,0,0,0,0,60,0,0,3,100,13607,0,810,0,0,0,0,0,0,0,0,0,0,0,0,0,0,0,0,0,0,0,0,0,0,0,0,0,0,0,0,0,0,0,0,0,0,0,0,0,0,0,0,1,77078,1,2,1,1,0,1,0,0,12884,12886,12891,4875,4876,0,0,0,0,-49305,1,0,5100300,0,0,0,0,0,0,0,51,0,1,0,0,1,0,0,0,0,0,0,1,0,,0
268441995,1000004083,1000046887,"{1000046885},{1000038742}",,90,0,0,0,0,0,0,0,0,0,0,0,0,0,60,0,0,1,100,13607,0,551,0,0,0,0,0,0,0,0,0,0,0,0,0,0,0,0,0,0,0,0,0,0,0,0,0,0,0,0,0,0,0,0,0,0,0,0,0,0,0,0,1,77079,1,2,0,0,0,1,0,0,12884,12886,12891,4875,4876,0,0,0,0,-49305,1,0,0,0,0,0,0,0,0,0,51,0,1,0,0,1,0,0,0,0,0,0,1,0,,0
268441996,1000004083,1000046887,"{1000046885},{1000038742}",,90,0,0,0,0,0,0,0,0,0,0,0,0,0,60,0,0,2,100,13607,0,667,0,0,0,0,0,0,0,0,0,0,0,0,0,0,0,0,0,0,0,0,0,0,0,0,0,0,0,0,0,0,0,0,0,0,0,0,0,0,0,0,1,77080,1,2,1,1,0,1,0,0,12884,12886,12891,4875,4876,0,0,0,0,-49305,1,0,5000300,0,0,0,0,0,0,0,51,0,1,0,0,1,0,0,0,0,0,0,1,0,,0
268441997,1000004083,1000046887,"{1000046885},{1000038742}",,90,0,0,0,0,0,0,0,0,0,0,0,0,0,60,0,0,3,100,13607,0,810,0,0,0,0,0,0,0,0,0,0,0,0,0,0,0,0,0,0,0,0,0,0,0,0,0,0,0,0,0,0,0,0,0,0,0,0,0,0,0,0,1,77081,1,2,1,1,0,1,0,0,12884,12886,12891,4875,4876,0,0,0,0,-49305,1,0,5100300,0,0,0,0,0,0,0,51,0,1,0,0,1,0,0,0,0,0,0,1,0,,0
268441998,1000004083,1000046887,"{1000046885},{1000038743}",,90,0,0,0,0,0,0,0,0,0,0,0,0,0,60,0,0,1,100,13607,0,551,0,0,0,0,0,0,0,0,0,0,0,0,0,0,0,0,0,0,0,0,0,0,0,0,0,0,0,0,0,0,0,0,0,0,0,0,0,0,0,0,1,77082,1,2,0,0,0,1,0,0,12884,12886,12891,4875,4876,0,0,0,0,-49305,1,0,0,0,0,0,0,0,0,0,51,0,1,0,0,1,0,0,0,0,0,0,1,0,,0
268441999,1000004083,1000046887,"{1000046885},{1000038743}",,90,0,0,0,0,0,0,0,0,0,0,0,0,0,60,0,0,2,100,13607,0,667,0,0,0,0,0,0,0,0,0,0,0,0,0,0,0,0,0,0,0,0,0,0,0,0,0,0,0,0,0,0,0,0,0,0,0,0,0,0,0,0,1,77083,1,2,1,1,0,1,0,0,12884,12886,12891,4875,4876,0,0,0,0,-49305,1,0,5000300,0,0,0,0,0,0,0,51,0,1,0,0,1,0,0,0,0,0,0,1,0,,0
268442000,1000004083,1000046887,"{1000046885},{1000038743}",,90,0,0,0,0,0,0,0,0,0,0,0,0,0,60,0,0,3,100,13607,0,810,0,0,0,0,0,0,0,0,0,0,0,0,0,0,0,0,0,0,0,0,0,0,0,0,0,0,0,0,0,0,0,0,0,0,0,0,0,0,0,0,1,77084,1,2,1,1,0,1,0,0,12884,12886,12891,4875,4876,0,0,0,0,-49305,1,0,5100300,0,0,0,0,0,0,0,51,0,1,0,0,1,0,0,0,0,0,0,1,0,,0
268442001,1000004083,1000046887,"{1000046885},{1000038744}",,90,0,0,0,0,0,0,0,0,0,0,0,0,0,60,0,0,1,100,13607,0,551,0,0,0,0,0,0,0,0,0,0,0,0,0,0,0,0,0,0,0,0,0,0,0,0,0,0,0,0,0,0,0,0,0,0,0,0,0,0,0,0,1,77085,1,2,0,0,0,1,0,0,12884,12886,12891,4875,4876,0,0,0,0,-49305,1,0,0,0,0,0,0,0,0,0,51,0,1,0,0,1,0,0,0,0,0,0,1,0,,0
268442002,1000004083,1000046887,"{1000046885},{1000038744}",,90,0,0,0,0,0,0,0,0,0,0,0,0,0,60,0,0,2,100,13607,0,667,0,0,0,0,0,0,0,0,0,0,0,0,0,0,0,0,0,0,0,0,0,0,0,0,0,0,0,0,0,0,0,0,0,0,0,0,0,0,0,0,1,77086,1,2,1,1,0,1,0,0,12884,12886,12891,4875,4876,0,0,0,0,-49305,1,0,5000300,0,0,0,0,0,0,0,51,0,1,0,0,1,0,0,0,0,0,0,1,0,,0
268442003,1000004083,1000046887,"{1000046885},{1000038744}",,90,0,0,0,0,0,0,0,0,0,0,0,0,0,60,0,0,3,100,13607,0,810,0,0,0,0,0,0,0,0,0,0,0,0,0,0,0,0,0,0,0,0,0,0,0,0,0,0,0,0,0,0,0,0,0,0,0,0,0,0,0,0,1,77087,1,2,1,1,0,1,0,0,12884,12886,12891,4875,4876,0,0,0,0,-49305,1,0,5100300,0,0,0,0,0,0,0,51,0,1,0,0,1,0,0,0,0,0,0,1,0,,0
268442004,1000004083,1000046888,"{1000046886},{1000038741}",,90,0,0,0,0,0,0,0,0,0,0,0,0,0,60,0,0,1,100,13608,0,551,0,0,0,0,0,0,0,0,0,0,0,0,0,0,0,0,0,0,0,0,0,0,0,0,0,0,0,0,0,0,0,0,0,0,0,0,0,0,0,0,1,77089,1,2,0,0,0,1,0,0,12884,12886,12891,4875,4876,0,0,0,0,-49305,1,0,0,0,0,0,0,0,0,0,51,0,1,0,0,1,0,0,0,0,0,0,1,0,,0
268442005,1000004083,1000046888,"{1000046886},{1000038741}",,90,0,0,0,0,0,0,0,0,0,0,0,0,0,60,0,0,2,100,13608,0,667,0,0,0,0,0,0,0,0,0,0,0,0,0,0,0,0,0,0,0,0,0,0,0,0,0,0,0,0,0,0,0,0,0,0,0,0,0,0,0,0,1,77090,1,2,1,1,0,1,0,0,12884,12886,12891,4875,4876,0,0,0,0,-49305,1,0,5000300,0,0,0,0,0,0,0,51,0,1,0,0,1,0,0,0,0,0,0,1,0,,0
268442006,1000004083,1000046888,"{1000046886},{1000038741}",,90,0,0,0,0,0,0,0,0,0,0,0,0,0,60,0,0,3,100,13608,0,810,0,0,0,0,0,0,0,0,0,0,0,0,0,0,0,0,0,0,0,0,0,0,0,0,0,0,0,0,0,0,0,0,0,0,0,0,0,0,0,0,1,77091,1,2,1,1,0,1,0,0,12884,12886,12891,4875,4876,0,0,0,0,-49305,1,0,5100300,0,0,0,0,0,0,0,51,0,1,0,0,1,0,0,0,0,0,0,1,0,,0
268442007,1000004083,1000046888,"{1000046886},{1000038742}",,90,0,0,0,0,0,0,0,0,0,0,0,0,0,60,0,0,1,100,13608,0,551,0,0,0,0,0,0,0,0,0,0,0,0,0,0,0,0,0,0,0,0,0,0,0,0,0,0,0,0,0,0,0,0,0,0,0,0,0,0,0,0,1,77092,1,2,0,0,0,1,0,0,12884,12886,12891,4875,4876,0,0,0,0,-49305,1,0,0,0,0,0,0,0,0,0,51,0,1,0,0,1,0,0,0,0,0,0,1,0,,0
268442008,1000004083,1000046888,"{1000046886},{1000038742}",,90,0,0,0,0,0,0,0,0,0,0,0,0,0,60,0,0,2,100,13608,0,667,0,0,0,0,0,0,0,0,0,0,0,0,0,0,0,0,0,0,0,0,0,0,0,0,0,0,0,0,0,0,0,0,0,0,0,0,0,0,0,0,1,77093,1,2,1,1,0,1,0,0,12884,12886,12891,4875,4876,0,0,0,0,-49305,1,0,5000300,0,0,0,0,0,0,0,51,0,1,0,0,1,0,0,0,0,0,0,1,0,,0
268442009,1000004083,1000046888,"{1000046886},{1000038742}",,90,0,0,0,0,0,0,0,0,0,0,0,0,0,60,0,0,3,100,13608,0,810,0,0,0,0,0,0,0,0,0,0,0,0,0,0,0,0,0,0,0,0,0,0,0,0,0,0,0,0,0,0,0,0,0,0,0,0,0,0,0,0,1,77094,1,2,1,1,0,1,0,0,12884,12886,12891,4875,4876,0,0,0,0,-49305,1,0,5100300,0,0,0,0,0,0,0,51,0,1,0,0,1,0,0,0,0,0,0,1,0,,0
268442010,1000004083,1000046888,"{1000046886},{1000038743}",,90,0,0,0,0,0,0,0,0,0,0,0,0,0,60,0,0,1,100,13608,0,551,0,0,0,0,0,0,0,0,0,0,0,0,0,0,0,0,0,0,0,0,0,0,0,0,0,0,0,0,0,0,0,0,0,0,0,0,0,0,0,0,1,77095,1,2,0,0,0,1,0,0,12884,12886,12891,4875,4876,0,0,0,0,-49305,1,0,0,0,0,0,0,0,0,0,51,0,1,0,0,1,0,0,0,0,0,0,1,0,,0
268442011,1000004083,1000046888,"{1000046886},{1000038743}",,90,0,0,0,0,0,0,0,0,0,0,0,0,0,60,0,0,2,100,13608,0,667,0,0,0,0,0,0,0,0,0,0,0,0,0,0,0,0,0,0,0,0,0,0,0,0,0,0,0,0,0,0,0,0,0,0,0,0,0,0,0,0,1,77096,1,2,1,1,0,1,0,0,12884,12886,12891,4875,4876,0,0,0,0,-49305,1,0,5000300,0,0,0,0,0,0,0,51,0,1,0,0,1,0,0,0,0,0,0,1,0,,0
268442012,1000004083,1000046888,"{1000046886},{1000038743}",,90,0,0,0,0,0,0,0,0,0,0,0,0,0,60,0,0,3,100,13608,0,810,0,0,0,0,0,0,0,0,0,0,0,0,0,0,0,0,0,0,0,0,0,0,0,0,0,0,0,0,0,0,0,0,0,0,0,0,0,0,0,0,1,77097,1,2,1,1,0,1,0,0,12884,12886,12891,4875,4876,0,0,0,0,-49305,1,0,5100300,0,0,0,0,0,0,0,51,0,1,0,0,1,0,0,0,0,0,0,1,0,,0
268442013,1000004083,1000046888,"{1000046886},{1000038744}",,90,0,0,0,0,0,0,0,0,0,0,0,0,0,60,0,0,1,100,13608,0,551,0,0,0,0,0,0,0,0,0,0,0,0,0,0,0,0,0,0,0,0,0,0,0,0,0,0,0,0,0,0,0,0,0,0,0,0,0,0,0,0,1,77098,1,2,0,0,0,1,0,0,12884,12886,12891,4875,4876,0,0,0,0,-49305,1,0,0,0,0,0,0,0,0,0,51,0,1,0,0,1,0,0,0,0,0,0,1,0,,0
268442014,1000004083,1000046888,"{1000046886},{1000038744}",,90,0,0,0,0,0,0,0,0,0,0,0,0,0,60,0,0,2,100,13608,0,667,0,0,0,0,0,0,0,0,0,0,0,0,0,0,0,0,0,0,0,0,0,0,0,0,0,0,0,0,0,0,0,0,0,0,0,0,0,0,0,0,1,77099,1,2,1,1,0,1,0,0,12884,12886,12891,4875,4876,0,0,0,0,-49305,1,0,5000300,0,0,0,0,0,0,0,51,0,1,0,0,1,0,0,0,0,0,0,1,0,,0
268442015,1000004083,1000046888,"{1000046886},{1000038744}",,90,0,0,0,0,0,0,0,0,0,0,0,0,0,60,0,0,3,100,13608,0,810,0,0,0,0,0,0,0,0,0,0,0,0,0,0,0,0,0,0,0,0,0,0,0,0,0,0,0,0,0,0,0,0,0,0,0,0,0,0,0,0,1,77100,1,2,1,1,0,1,0,0,12884,12886,12891,4875,4876,0,0,0,0,-49305,1,0,5100300,0,0,0,0,0,0,0,51,0,1,0,0,1,0,0,0,0,0,0,1,0,,0
268442258,1000004083,1000055829,"{1000055827},{1000038741}",,90,0,0,0,0,0,0,0,0,0,0,0,0,0,60,0,0,1,100,13709,0,551,0,0,0,0,0,0,0,0,0,0,0,0,0,0,0,0,0,0,0,0,0,0,0,0,0,0,0,0,0,0,0,0,0,0,0,0,0,0,0,0,1,77108,1,2,0,0,0,1,0,0,12884,12886,12891,4875,4876,0,0,0,0,-49305,1,0,0,0,0,0,0,0,0,0,51,0,1,0,0,1,0,0,0,0,0,0,1,0,,0
268442259,1000004083,1000055829,"{1000055827},{1000038741}",,90,0,0,0,0,0,0,0,0,0,0,0,0,0,60,0,0,2,100,13709,0,667,0,0,0,0,0,0,0,0,0,0,0,0,0,0,0,0,0,0,0,0,0,0,0,0,0,0,0,0,0,0,0,0,0,0,0,0,0,0,0,0,1,77109,1,2,1,1,0,1,0,0,12884,12886,12891,4875,4876,0,0,0,0,-49305,1,0,5000300,0,0,0,0,0,0,0,51,0,1,0,0,1,0,0,0,0,0,0,1,0,,0
268442260,1000004083,1000055829,"{1000055827},{1000038741}",,90,0,0,0,0,0,0,0,0,0,0,0,0,0,60,0,0,3,100,13709,0,810,0,0,0,0,0,0,0,0,0,0,0,0,0,0,0,0,0,0,0,0,0,0,0,0,0,0,0,0,0,0,0,0,0,0,0,0,0,0,0,0,1,77110,1,2,1,1,0,1,0,0,12884,12886,12891,4875,4876,0,0,0,0,-49305,1,0,5100300,0,0,0,0,0,0,0,51,0,1,0,0,1,0,0,0,0,0,0,1,0,,0
268442261,1000004083,1000055829,"{1000055827},{1000038742}",,90,0,0,0,0,0,0,0,0,0,0,0,0,0,60,0,0,1,100,13709,0,551,0,0,0,0,0,0,0,0,0,0,0,0,0,0,0,0,0,0,0,0,0,0,0,0,0,0,0,0,0,0,0,0,0,0,0,0,0,0,0,0,1,77111,1,2,0,0,0,1,0,0,12884,12886,12891,4875,4876,0,0,0,0,-49305,1,0,0,0,0,0,0,0,0,0,51,0,1,0,0,1,0,0,0,0,0,0,1,0,,0
268442262,1000004083,1000055829,"{1000055827},{1000038742}",,90,0,0,0,0,0,0,0,0,0,0,0,0,0,60,0,0,2,100,13709,0,667,0,0,0,0,0,0,0,0,0,0,0,0,0,0,0,0,0,0,0,0,0,0,0,0,0,0,0,0,0,0,0,0,0,0,0,0,0,0,0,0,1,77112,1,2,1,1,0,1,0,0,12884,12886,12891,4875,4876,0,0,0,0,-49305,1,0,5000300,0,0,0,0,0,0,0,51,0,1,0,0,1,0,0,0,0,0,0,1,0,,0
268442263,1000004083,1000055829,"{1000055827},{1000038742}",,90,0,0,0,0,0,0,0,0,0,0,0,0,0,60,0,0,3,100,13709,0,810,0,0,0,0,0,0,0,0,0,0,0,0,0,0,0,0,0,0,0,0,0,0,0,0,0,0,0,0,0,0,0,0,0,0,0,0,0,0,0,0,1,77113,1,2,1,1,0,1,0,0,12884,12886,12891,4875,4876,0,0,0,0,-49305,1,0,5100300,0,0,0,0,0,0,0,51,0,1,0,0,1,0,0,0,0,0,0,1,0,,0
268442264,1000004083,1000055829,"{1000055827},{1000038743}",,90,0,0,0,0,0,0,0,0,0,0,0,0,0,60,0,0,1,100,13709,0,551,0,0,0,0,0,0,0,0,0,0,0,0,0,0,0,0,0,0,0,0,0,0,0,0,0,0,0,0,0,0,0,0,0,0,0,0,0,0,0,0,1,77114,1,2,0,0,0,1,0,0,12884,12886,12891,4875,4876,0,0,0,0,-49305,1,0,0,0,0,0,0,0,0,0,51,0,1,0,0,1,0,0,0,0,0,0,1,0,,0
268442265,1000004083,1000055829,"{1000055827},{1000038743}",,90,0,0,0,0,0,0,0,0,0,0,0,0,0,60,0,0,2,100,13709,0,667,0,0,0,0,0,0,0,0,0,0,0,0,0,0,0,0,0,0,0,0,0,0,0,0,0,0,0,0,0,0,0,0,0,0,0,0,0,0,0,0,1,77115,1,2,1,1,0,1,0,0,12884,12886,12891,4875,4876,0,0,0,0,-49305,1,0,5000300,0,0,0,0,0,0,0,51,0,1,0,0,1,0,0,0,0,0,0,1,0,,0
268442266,1000004083,1000055829,"{1000055827},{1000038743}",,90,0,0,0,0,0,0,0,0,0,0,0,0,0,60,0,0,3,100,13709,0,810,0,0,0,0,0,0,0,0,0,0,0,0,0,0,0,0,0,0,0,0,0,0,0,0,0,0,0,0,0,0,0,0,0,0,0,0,0,0,0,0,1,77116,1,2,1,1,0,1,0,0,12884,12886,12891,4875,4876,0,0,0,0,-49305,1,0,5100300,0,0,0,0,0,0,0,51,0,1,0,0,1,0,0,0,0,0,0,1,0,,0
268442267,1000004083,1000055829,"{1000055827},{1000038744}",,90,0,0,0,0,0,0,0,0,0,0,0,0,0,60,0,0,1,100,13709,0,551,0,0,0,0,0,0,0,0,0,0,0,0,0,0,0,0,0,0,0,0,0,0,0,0,0,0,0,0,0,0,0,0,0,0,0,0,0,0,0,0,1,77117,1,2,0,0,0,1,0,0,12884,12886,12891,4875,4876,0,0,0,0,-49305,1,0,0,0,0,0,0,0,0,0,51,0,1,0,0,1,0,0,0,0,0,0,1,0,,0
268442268,1000004083,1000055829,"{1000055827},{1000038744}",,90,0,0,0,0,0,0,0,0,0,0,0,0,0,60,0,0,2,100,13709,0,667,0,0,0,0,0,0,0,0,0,0,0,0,0,0,0,0,0,0,0,0,0,0,0,0,0,0,0,0,0,0,0,0,0,0,0,0,0,0,0,0,1,77118,1,2,1,1,0,1,0,0,12884,12886,12891,4875,4876,0,0,0,0,-49305,1,0,5000300,0,0,0,0,0,0,0,51,0,1,0,0,1,0,0,0,0,0,0,1,0,,0
268442269,1000004083,1000055829,"{1000055827},{1000038744}",,90,0,0,0,0,0,0,0,0,0,0,0,0,0,60,0,0,3,100,13709,0,810,0,0,0,0,0,0,0,0,0,0,0,0,0,0,0,0,0,0,0,0,0,0,0,0,0,0,0,0,0,0,0,0,0,0,0,0,0,0,0,0,1,77119,1,2,1,1,0,1,0,0,12884,12886,12891,4875,4876,0,0,0,0,-49305,1,0,5100300,0,0,0,0,0,0,0,51,0,1,0,0,1,0,0,0,0,0,0,1,0,,0
268442270,1000004083,1000055830,"{1000055828},{1000038741}",,90,0,0,0,0,0,0,0,0,0,0,0,0,0,60,0,0,1,100,13710,0,551,0,0,0,0,0,0,0,0,0,0,0,0,0,0,0,0,0,0,0,0,0,0,0,0,0,0,0,0,0,0,0,0,0,0,0,0,0,0,0,0,1,77121,1,2,0,0,0,1,0,0,12884,12886,12891,4875,4876,0,0,0,0,-49305,1,0,0,0,0,0,0,0,0,0,51,0,1,0,0,1,0,0,0,0,0,0,1,0,,0
268442271,1000004083,1000055830,"{1000055828},{1000038741}",,90,0,0,0,0,0,0,0,0,0,0,0,0,0,60,0,0,2,100,13710,0,667,0,0,0,0,0,0,0,0,0,0,0,0,0,0,0,0,0,0,0,0,0,0,0,0,0,0,0,0,0,0,0,0,0,0,0,0,0,0,0,0,1,77122,1,2,1,1,0,1,0,0,12884,12886,12891,4875,4876,0,0,0,0,-49305,1,0,5000300,0,0,0,0,0,0,0,51,0,1,0,0,1,0,0,0,0,0,0,1,0,,0
268442272,1000004083,1000055830,"{1000055828},{1000038741}",,90,0,0,0,0,0,0,0,0,0,0,0,0,0,60,0,0,3,100,13710,0,810,0,0,0,0,0,0,0,0,0,0,0,0,0,0,0,0,0,0,0,0,0,0,0,0,0,0,0,0,0,0,0,0,0,0,0,0,0,0,0,0,1,77123,1,2,1,1,0,1,0,0,12884,12886,12891,4875,4876,0,0,0,0,-49305,1,0,5100300,0,0,0,0,0,0,0,51,0,1,0,0,1,0,0,0,0,0,0,1,0,,0
268442273,1000004083,1000055830,"{1000055828},{1000038742}",,90,0,0,0,0,0,0,0,0,0,0,0,0,0,60,0,0,1,100,13710,0,551,0,0,0,0,0,0,0,0,0,0,0,0,0,0,0,0,0,0,0,0,0,0,0,0,0,0,0,0,0,0,0,0,0,0,0,0,0,0,0,0,1,77124,1,2,0,0,0,1,0,0,12884,12886,12891,4875,4876,0,0,0,0,-49305,1,0,0,0,0,0,0,0,0,0,51,0,1,0,0,1,0,0,0,0,0,0,1,0,,0
268442274,1000004083,1000055830,"{1000055828},{1000038742}",,90,0,0,0,0,0,0,0,0,0,0,0,0,0,60,0,0,2,100,13710,0,667,0,0,0,0,0,0,0,0,0,0,0,0,0,0,0,0,0,0,0,0,0,0,0,0,0,0,0,0,0,0,0,0,0,0,0,0,0,0,0,0,1,77125,1,2,1,1,0,1,0,0,12884,12886,12891,4875,4876,0,0,0,0,-49305,1,0,5000300,0,0,0,0,0,0,0,51,0,1,0,0,1,0,0,0,0,0,0,1,0,,0
268442275,1000004083,1000055830,"{1000055828},{1000038742}",,90,0,0,0,0,0,0,0,0,0,0,0,0,0,60,0,0,3,100,13710,0,810,0,0,0,0,0,0,0,0,0,0,0,0,0,0,0,0,0,0,0,0,0,0,0,0,0,0,0,0,0,0,0,0,0,0,0,0,0,0,0,0,1,77126,1,2,1,1,0,1,0,0,12884,12886,12891,4875,4876,0,0,0,0,-49305,1,0,5100300,0,0,0,0,0,0,0,51,0,1,0,0,1,0,0,0,0,0,0,1,0,,0
268442276,1000004083,1000055830,"{1000055828},{1000038743}",,90,0,0,0,0,0,0,0,0,0,0,0,0,0,60,0,0,1,100,13710,0,551,0,0,0,0,0,0,0,0,0,0,0,0,0,0,0,0,0,0,0,0,0,0,0,0,0,0,0,0,0,0,0,0,0,0,0,0,0,0,0,0,1,77127,1,2,0,0,0,1,0,0,12884,12886,12891,4875,4876,0,0,0,0,-49305,1,0,0,0,0,0,0,0,0,0,51,0,1,0,0,1,0,0,0,0,0,0,1,0,,0
268442277,1000004083,1000055830,"{1000055828},{1000038743}",,90,0,0,0,0,0,0,0,0,0,0,0,0,0,60,0,0,2,100,13710,0,667,0,0,0,0,0,0,0,0,0,0,0,0,0,0,0,0,0,0,0,0,0,0,0,0,0,0,0,0,0,0,0,0,0,0,0,0,0,0,0,0,1,77128,1,2,1,1,0,1,0,0,12884,12886,12891,4875,4876,0,0,0,0,-49305,1,0,5000300,0,0,0,0,0,0,0,51,0,1,0,0,1,0,0,0,0,0,0,1,0,,0
268442278,1000004083,1000055830,"{1000055828},{1000038743}",,90,0,0,0,0,0,0,0,0,0,0,0,0,0,60,0,0,3,100,13710,0,810,0,0,0,0,0,0,0,0,0,0,0,0,0,0,0,0,0,0,0,0,0,0,0,0,0,0,0,0,0,0,0,0,0,0,0,0,0,0,0,0,1,77129,1,2,1,1,0,1,0,0,12884,12886,12891,4875,4876,0,0,0,0,-49305,1,0,5100300,0,0,0,0,0,0,0,51,0,1,0,0,1,0,0,0,0,0,0,1,0,,0
268442279,1000004083,1000055830,"{1000055828},{1000038744}",,90,0,0,0,0,0,0,0,0,0,0,0,0,0,60,0,0,1,100,13710,0,551,0,0,0,0,0,0,0,0,0,0,0,0,0,0,0,0,0,0,0,0,0,0,0,0,0,0,0,0,0,0,0,0,0,0,0,0,0,0,0,0,1,77130,1,2,0,0,0,1,0,0,12884,12886,12891,4875,4876,0,0,0,0,-49305,1,0,0,0,0,0,0,0,0,0,51,0,1,0,0,1,0,0,0,0,0,0,1,0,,0
268442280,1000004083,1000055830,"{1000055828},{1000038744}",,90,0,0,0,0,0,0,0,0,0,0,0,0,0,60,0,0,2,100,13710,0,667,0,0,0,0,0,0,0,0,0,0,0,0,0,0,0,0,0,0,0,0,0,0,0,0,0,0,0,0,0,0,0,0,0,0,0,0,0,0,0,0,1,77131,1,2,1,1,0,1,0,0,12884,12886,12891,4875,4876,0,0,0,0,-49305,1,0,5000300,0,0,0,0,0,0,0,51,0,1,0,0,1,0,0,0,0,0,0,1,0,,0
268442281,1000004083,1000055830,"{1000055828},{1000038744}",,90,0,0,0,0,0,0,0,0,0,0,0,0,0,60,0,0,3,100,13710,0,810,0,0,0,0,0,0,0,0,0,0,0,0,0,0,0,0,0,0,0,0,0,0,0,0,0,0,0,0,0,0,0,0,0,0,0,0,0,0,0,0,1,77132,1,2,1,1,0,1,0,0,12884,12886,12891,4875,4876,0,0,0,0,-49305,1,0,5100300,0,0,0,0,0,0,0,51,0,1,0,0,1,0,0,0,0,0,0,1,0,,0
268447250,1000004083,1000061052,"{1000061051},{1000038741}",,90,0,0,0,0,0,0,0,0,0,0,0,0,0,70,0,0,1,100,13875,0,551,0,0,0,0,0,0,0,0,0,0,0,0,0,0,0,0,0,0,0,0,0,0,0,0,0,0,0,0,0,0,0,0,0,0,0,0,0,0,0,0,1,77138,1,2,0,0,0,1,0,0,12884,12886,12891,4875,4876,0,0,0,0,-49305,1,0,0,0,0,0,0,0,0,0,51,0,1,0,0,1,0,0,0,0,0,0,1,0,,0
268447251,1000004083,1000061052,"{1000061051},{1000038741}",,90,0,0,0,0,0,0,0,0,0,0,0,0,0,70,0,0,2,100,13875,0,667,0,0,0,0,0,0,0,0,0,0,0,0,0,0,0,0,0,0,0,0,0,0,0,0,0,0,0,0,0,0,0,0,0,0,0,0,0,0,0,0,1,77139,1,2,1,1,0,1,0,0,12884,12886,12891,4875,4876,0,0,0,0,-49305,1,0,55,0,0,0,0,0,0,0,51,0,1,0,0,1,0,0,0,0,0,0,1,0,,0
268447252,1000004083,1000061052,"{1000061051},{1000038741}",,90,0,0,0,0,0,0,0,0,0,0,0,0,0,70,0,0,3,100,13875,0,810,0,0,0,0,0,0,0,0,0,0,0,0,0,0,0,0,0,0,0,0,0,0,0,0,0,0,0,0,0,0,0,0,0,0,0,0,0,0,0,0,1,77140,1,2,1,1,0,1,0,0,12884,12886,12891,4875,4876,0,0,0,0,-49305,1,0,56,0,0,0,0,0,0,0,51,0,1,0,0,1,0,0,0,0,0,0,1,0,,0
268447253,1000004083,1000061052,"{1000061051},{1000038742}",,90,0,0,0,0,0,0,0,0,0,0,0,0,0,70,0,0,1,100,13875,0,551,0,0,0,0,0,0,0,0,0,0,0,0,0,0,0,0,0,0,0,0,0,0,0,0,0,0,0,0,0,0,0,0,0,0,0,0,0,0,0,0,1,77141,1,2,0,0,0,1,0,0,12884,12886,12891,4875,4876,0,0,0,0,-49305,1,0,0,0,0,0,0,0,0,0,51,0,1,0,0,1,0,0,0,0,0,0,1,0,,0
268447254,1000004083,1000061052,"{1000061051},{1000038742}",,90,0,0,0,0,0,0,0,0,0,0,0,0,0,70,0,0,2,100,13875,0,667,0,0,0,0,0,0,0,0,0,0,0,0,0,0,0,0,0,0,0,0,0,0,0,0,0,0,0,0,0,0,0,0,0,0,0,0,0,0,0,0,1,77142,1,2,1,1,0,1,0,0,12884,12886,12891,4875,4876,0,0,0,0,-49305,1,0,55,0,0,0,0,0,0,0,51,0,1,0,0,1,0,0,0,0,0,0,1,0,,0
268447255,1000004083,1000061052,"{1000061051},{1000038742}",,90,0,0,0,0,0,0,0,0,0,0,0,0,0,70,0,0,3,100,13875,0,810,0,0,0,0,0,0,0,0,0,0,0,0,0,0,0,0,0,0,0,0,0,0,0,0,0,0,0,0,0,0,0,0,0,0,0,0,0,0,0,0,1,77143,1,2,1,1,0,1,0,0,12884,12886,12891,4875,4876,0,0,0,0,-49305,1,0,56,0,0,0,0,0,0,0,51,0,1,0,0,1,0,0,0,0,0,0,1,0,,0
268447256,1000004083,1000061052,"{1000061051},{1000038743}",,90,0,0,0,0,0,0,0,0,0,0,0,0,0,70,0,0,1,100,13875,0,551,0,0,0,0,0,0,0,0,0,0,0,0,0,0,0,0,0,0,0,0,0,0,0,0,0,0,0,0,0,0,0,0,0,0,0,0,0,0,0,0,1,77144,1,2,0,0,0,1,0,0,12884,12886,12891,4875,4876,0,0,0,0,-49305,1,0,0,0,0,0,0,0,0,0,51,0,1,0,0,1,0,0,0,0,0,0,1,0,,0
268447257,1000004083,1000061052,"{1000061051},{1000038743}",,90,0,0,0,0,0,0,0,0,0,0,0,0,0,70,0,0,2,100,13875,0,667,0,0,0,0,0,0,0,0,0,0,0,0,0,0,0,0,0,0,0,0,0,0,0,0,0,0,0,0,0,0,0,0,0,0,0,0,0,0,0,0,1,77145,1,2,1,1,0,1,0,0,12884,12886,12891,4875,4876,0,0,0,0,-49305,1,0,55,0,0,0,0,0,0,0,51,0,1,0,0,1,0,0,0,0,0,0,1,0,,0
268447258,1000004083,1000061052,"{1000061051},{1000038743}",,90,0,0,0,0,0,0,0,0,0,0,0,0,0,70,0,0,3,100,13875,0,810,0,0,0,0,0,0,0,0,0,0,0,0,0,0,0,0,0,0,0,0,0,0,0,0,0,0,0,0,0,0,0,0,0,0,0,0,0,0,0,0,1,77146,1,2,1,1,0,1,0,0,12884,12886,12891,4875,4876,0,0,0,0,-49305,1,0,56,0,0,0,0,0,0,0,51,0,1,0,0,1,0,0,0,0,0,0,1,0,,0
268447259,1000004083,1000061052,"{1000061051},{1000038744}",,90,0,0,0,0,0,0,0,0,0,0,0,0,0,70,0,0,1,100,13875,0,551,0,0,0,0,0,0,0,0,0,0,0,0,0,0,0,0,0,0,0,0,0,0,0,0,0,0,0,0,0,0,0,0,0,0,0,0,0,0,0,0,1,77147,1,2,0,0,0,1,0,0,12884,12886,12891,4875,4876,0,0,0,0,-49305,1,0,0,0,0,0,0,0,0,0,51,0,1,0,0,1,0,0,0,0,0,0,1,0,,0
268447260,1000004083,1000061052,"{1000061051},{1000038744}",,90,0,0,0,0,0,0,0,0,0,0,0,0,0,70,0,0,2,100,13875,0,667,0,0,0,0,0,0,0,0,0,0,0,0,0,0,0,0,0,0,0,0,0,0,0,0,0,0,0,0,0,0,0,0,0,0,0,0,0,0,0,0,1,77148,1,2,1,1,0,1,0,0,12884,12886,12891,4875,4876,0,0,0,0,-49305,1,0,55,0,0,0,0,0,0,0,51,0,1,0,0,1,0,0,0,0,0,0,1,0,,0
268447261,1000004083,1000061052,"{1000061051},{1000038744}",,90,0,0,0,0,0,0,0,0,0,0,0,0,0,70,0,0,3,100,13875,0,810,0,0,0,0,0,0,0,0,0,0,0,0,0,0,0,0,0,0,0,0,0,0,0,0,0,0,0,0,0,0,0,0,0,0,0,0,0,0,0,0,1,77149,1,2,1,1,0,1,0,0,12884,12886,12891,4875,4876,0,0,0,0,-49305,1,0,56,0,0,0,0,0,0,0,51,0,1,0,0,1,0,0,0,0,0,0,1,0,,0
268447262,1000004083,1000062605,"{1000062604},{1000038741}",,90,0,0,0,0,0,0,0,0,0,0,0,0,0,70,0,0,1,100,13891,0,551,0,0,0,0,0,0,0,0,0,0,0,0,0,0,0,0,0,0,0,0,0,0,0,0,0,0,0,0,0,0,0,0,0,0,0,0,0,0,0,0,1,77151,1,2,0,0,0,1,0,0,12884,12886,12891,4875,4876,0,0,0,0,-49305,1,0,0,0,0,0,0,0,0,0,51,0,1,0,0,1,0,0,0,0,0,0,1,0,,0
268447263,1000004083,1000062605,"{1000062604},{1000038741}",,90,0,0,0,0,0,0,0,0,0,0,0,0,0,70,0,0,2,100,13891,0,667,0,0,0,0,0,0,0,0,0,0,0,0,0,0,0,0,0,0,0,0,0,0,0,0,0,0,0,0,0,0,0,0,0,0,0,0,0,0,0,0,1,77152,1,2,1,1,0,1,0,0,12884,12886,12891,4875,4876,0,0,0,0,-49305,1,0,55,0,0,0,0,0,0,0,51,0,1,0,0,1,0,0,0,0,0,0,1,0,,0
268447264,1000004083,1000062605,"{1000062604},{1000038741}",,90,0,0,0,0,0,0,0,0,0,0,0,0,0,70,0,0,3,100,13891,0,810,0,0,0,0,0,0,0,0,0,0,0,0,0,0,0,0,0,0,0,0,0,0,0,0,0,0,0,0,0,0,0,0,0,0,0,0,0,0,0,0,1,77153,1,2,1,1,0,1,0,0,12884,12886,12891,4875,4876,0,0,0,0,-49305,1,0,56,0,0,0,0,0,0,0,51,0,1,0,0,1,0,0,0,0,0,0,1,0,,0
268447265,1000004083,1000062605,"{1000062604},{1000038742}",,90,0,0,0,0,0,0,0,0,0,0,0,0,0,70,0,0,1,100,13891,0,551,0,0,0,0,0,0,0,0,0,0,0,0,0,0,0,0,0,0,0,0,0,0,0,0,0,0,0,0,0,0,0,0,0,0,0,0,0,0,0,0,1,77154,1,2,0,0,0,1,0,0,12884,12886,12891,4875,4876,0,0,0,0,-49305,1,0,0,0,0,0,0,0,0,0,51,0,1,0,0,1,0,0,0,0,0,0,1,0,,0
268447266,1000004083,1000062605,"{1000062604},{1000038742}",,90,0,0,0,0,0,0,0,0,0,0,0,0,0,70,0,0,2,100,13891,0,667,0,0,0,0,0,0,0,0,0,0,0,0,0,0,0,0,0,0,0,0,0,0,0,0,0,0,0,0,0,0,0,0,0,0,0,0,0,0,0,0,1,77155,1,2,1,1,0,1,0,0,12884,12886,12891,4875,4876,0,0,0,0,-49305,1,0,55,0,0,0,0,0,0,0,51,0,1,0,0,1,0,0,0,0,0,0,1,0,,0
268447267,1000004083,1000062605,"{1000062604},{1000038742}",,90,0,0,0,0,0,0,0,0,0,0,0,0,0,70,0,0,3,100,13891,0,810,0,0,0,0,0,0,0,0,0,0,0,0,0,0,0,0,0,0,0,0,0,0,0,0,0,0,0,0,0,0,0,0,0,0,0,0,0,0,0,0,1,77156,1,2,1,1,0,1,0,0,12884,12886,12891,4875,4876,0,0,0,0,-49305,1,0,56,0,0,0,0,0,0,0,51,0,1,0,0,1,0,0,0,0,0,0,1,0,,0
268447268,1000004083,1000062605,"{1000062604},{1000038743}",,90,0,0,0,0,0,0,0,0,0,0,0,0,0,70,0,0,1,100,13891,0,551,0,0,0,0,0,0,0,0,0,0,0,0,0,0,0,0,0,0,0,0,0,0,0,0,0,0,0,0,0,0,0,0,0,0,0,0,0,0,0,0,1,77157,1,2,0,0,0,1,0,0,12884,12886,12891,4875,4876,0,0,0,0,-49305,1,0,0,0,0,0,0,0,0,0,51,0,1,0,0,1,0,0,0,0,0,0,1,0,,0
268447269,1000004083,1000062605,"{1000062604},{1000038743}",,90,0,0,0,0,0,0,0,0,0,0,0,0,0,70,0,0,2,100,13891,0,667,0,0,0,0,0,0,0,0,0,0,0,0,0,0,0,0,0,0,0,0,0,0,0,0,0,0,0,0,0,0,0,0,0,0,0,0,0,0,0,0,1,77158,1,2,1,1,0,1,0,0,12884,12886,12891,4875,4876,0,0,0,0,-49305,1,0,55,0,0,0,0,0,0,0,51,0,1,0,0,1,0,0,0,0,0,0,1,0,,0
268447270,1000004083,1000062605,"{1000062604},{1000038743}",,90,0,0,0,0,0,0,0,0,0,0,0,0,0,70,0,0,3,100,13891,0,810,0,0,0,0,0,0,0,0,0,0,0,0,0,0,0,0,0,0,0,0,0,0,0,0,0,0,0,0,0,0,0,0,0,0,0,0,0,0,0,0,1,77159,1,2,1,1,0,1,0,0,12884,12886,12891,4875,4876,0,0,0,0,-49305,1,0,56,0,0,0,0,0,0,0,51,0,1,0,0,1,0,0,0,0,0,0,1,0,,0
268447271,1000004083,1000062605,"{1000062604},{1000038744}",,90,0,0,0,0,0,0,0,0,0,0,0,0,0,70,0,0,1,100,13891,0,551,0,0,0,0,0,0,0,0,0,0,0,0,0,0,0,0,0,0,0,0,0,0,0,0,0,0,0,0,0,0,0,0,0,0,0,0,0,0,0,0,1,77160,1,2,0,0,0,1,0,0,12884,12886,12891,4875,4876,0,0,0,0,-49305,1,0,0,0,0,0,0,0,0,0,51,0,1,0,0,1,0,0,0,0,0,0,1,0,,0
268447272,1000004083,1000062605,"{1000062604},{1000038744}",,90,0,0,0,0,0,0,0,0,0,0,0,0,0,70,0,0,2,100,13891,0,667,0,0,0,0,0,0,0,0,0,0,0,0,0,0,0,0,0,0,0,0,0,0,0,0,0,0,0,0,0,0,0,0,0,0,0,0,0,0,0,0,1,77161,1,2,1,1,0,1,0,0,12884,12886,12891,4875,4876,0,0,0,0,-49305,1,0,55,0,0,0,0,0,0,0,51,0,1,0,0,1,0,0,0,0,0,0,1,0,,0
268447273,1000004083,1000062605,"{1000062604},{1000038744}",,90,0,0,0,0,0,0,0,0,0,0,0,0,0,70,0,0,3,100,13891,0,810,0,0,0,0,0,0,0,0,0,0,0,0,0,0,0,0,0,0,0,0,0,0,0,0,0,0,0,0,0,0,0,0,0,0,0,0,0,0,0,0,1,77162,1,2,1,1,0,1,0,0,12884,12886,12891,4875,4876,0,0,0,0,-49305,1,0,56,0,0,0,0,0,0,0,51,0,1,0,0,1,0,0,0,0,0,0,1,0,,0
268447274,1000004083,1000066660,"{1000066659},{1000038741}",,90,0,0,0,0,0,0,0,0,0,0,0,0,0,70,0,0,1,100,13961,0,551,0,0,0,0,0,0,0,0,0,0,0,0,0,0,0,0,0,0,0,0,0,0,0,0,0,0,0,0,0,0,0,0,0,0,0,0,0,0,0,0,1,77232,1,2,0,0,0,1,0,0,12884,12886,12891,4875,4876,0,0,0,0,-49305,1,0,0,0,0,0,0,0,0,0,51,0,1,0,0,1,0,0,0,0,0,0,1,0,,0
268447275,1000004083,1000066660,"{1000066659},{1000038741}",,90,0,0,0,0,0,0,0,0,0,0,0,0,0,70,0,0,2,100,13961,0,667,0,0,0,0,0,0,0,0,0,0,0,0,0,0,0,0,0,0,0,0,0,0,0,0,0,0,0,0,0,0,0,0,0,0,0,0,0,0,0,0,1,77233,1,2,1,1,0,1,0,0,12884,12886,12891,4875,4876,0,0,0,0,-49305,1,0,55,0,0,0,0,0,0,0,51,0,1,0,0,1,0,0,0,0,0,0,1,0,,0
268447276,1000004083,1000066660,"{1000066659},{1000038741}",,90,0,0,0,0,0,0,0,0,0,0,0,0,0,70,0,0,3,100,13961,0,810,0,0,0,0,0,0,0,0,0,0,0,0,0,0,0,0,0,0,0,0,0,0,0,0,0,0,0,0,0,0,0,0,0,0,0,0,0,0,0,0,1,77234,1,2,1,1,0,1,0,0,12884,12886,12891,4875,4876,0,0,0,0,-49305,1,0,56,0,0,0,0,0,0,0,51,0,1,0,0,1,0,0,0,0,0,0,1,0,,0
268447277,1000004083,1000066660,"{1000066659},{1000038742}",,90,0,0,0,0,0,0,0,0,0,0,0,0,0,70,0,0,1,100,13961,0,551,0,0,0,0,0,0,0,0,0,0,0,0,0,0,0,0,0,0,0,0,0,0,0,0,0,0,0,0,0,0,0,0,0,0,0,0,0,0,0,0,1,77235,1,2,0,0,0,1,0,0,12884,12886,12891,4875,4876,0,0,0,0,-49305,1,0,0,0,0,0,0,0,0,0,51,0,1,0,0,1,0,0,0,0,0,0,1,0,,0
268447278,1000004083,1000066660,"{1000066659},{1000038742}",,90,0,0,0,0,0,0,0,0,0,0,0,0,0,70,0,0,2,100,13961,0,667,0,0,0,0,0,0,0,0,0,0,0,0,0,0,0,0,0,0,0,0,0,0,0,0,0,0,0,0,0,0,0,0,0,0,0,0,0,0,0,0,1,77236,1,2,1,1,0,1,0,0,12884,12886,12891,4875,4876,0,0,0,0,-49305,1,0,55,0,0,0,0,0,0,0,51,0,1,0,0,1,0,0,0,0,0,0,1,0,,0
268447279,1000004083,1000066660,"{1000066659},{1000038742}",,90,0,0,0,0,0,0,0,0,0,0,0,0,0,70,0,0,3,100,13961,0,810,0,0,0,0,0,0,0,0,0,0,0,0,0,0,0,0,0,0,0,0,0,0,0,0,0,0,0,0,0,0,0,0,0,0,0,0,0,0,0,0,1,77237,1,2,1,1,0,1,0,0,12884,12886,12891,4875,4876,0,0,0,0,-49305,1,0,56,0,0,0,0,0,0,0,51,0,1,0,0,1,0,0,0,0,0,0,1,0,,0
268447280,1000004083,1000066660,"{1000066659},{1000038743}",,90,0,0,0,0,0,0,0,0,0,0,0,0,0,70,0,0,1,100,13961,0,551,0,0,0,0,0,0,0,0,0,0,0,0,0,0,0,0,0,0,0,0,0,0,0,0,0,0,0,0,0,0,0,0,0,0,0,0,0,0,0,0,1,77238,1,2,0,0,0,1,0,0,12884,12886,12891,4875,4876,0,0,0,0,-49305,1,0,0,0,0,0,0,0,0,0,51,0,1,0,0,1,0,0,0,0,0,0,1,0,,0
268447281,1000004083,1000066660,"{1000066659},{1000038743}",,90,0,0,0,0,0,0,0,0,0,0,0,0,0,70,0,0,2,100,13961,0,667,0,0,0,0,0,0,0,0,0,0,0,0,0,0,0,0,0,0,0,0,0,0,0,0,0,0,0,0,0,0,0,0,0,0,0,0,0,0,0,0,1,77239,1,2,1,1,0,1,0,0,12884,12886,12891,4875,4876,0,0,0,0,-49305,1,0,55,0,0,0,0,0,0,0,51,0,1,0,0,1,0,0,0,0,0,0,1,0,,0
268447282,1000004083,1000066660,"{1000066659},{1000038743}",,90,0,0,0,0,0,0,0,0,0,0,0,0,0,70,0,0,3,100,13961,0,810,0,0,0,0,0,0,0,0,0,0,0,0,0,0,0,0,0,0,0,0,0,0,0,0,0,0,0,0,0,0,0,0,0,0,0,0,0,0,0,0,1,77240,1,2,1,1,0,1,0,0,12884,12886,12891,4875,4876,0,0,0,0,-49305,1,0,56,0,0,0,0,0,0,0,51,0,1,0,0,1,0,0,0,0,0,0,1,0,,0
268447283,1000004083,1000066660,"{1000066659},{1000038744}",,90,0,0,0,0,0,0,0,0,0,0,0,0,0,70,0,0,1,100,13961,0,551,0,0,0,0,0,0,0,0,0,0,0,0,0,0,0,0,0,0,0,0,0,0,0,0,0,0,0,0,0,0,0,0,0,0,0,0,0,0,0,0,1,77241,1,2,0,0,0,1,0,0,12884,12886,12891,4875,4876,0,0,0,0,-49305,1,0,0,0,0,0,0,0,0,0,51,0,1,0,0,1,0,0,0,0,0,0,1,0,,0
268447284,1000004083,1000066660,"{1000066659},{1000038744}",,90,0,0,0,0,0,0,0,0,0,0,0,0,0,70,0,0,2,100,13961,0,667,0,0,0,0,0,0,0,0,0,0,0,0,0,0,0,0,0,0,0,0,0,0,0,0,0,0,0,0,0,0,0,0,0,0,0,0,0,0,0,0,1,77242,1,2,1,1,0,1,0,0,12884,12886,12891,4875,4876,0,0,0,0,-49305,1,0,55,0,0,0,0,0,0,0,51,0,1,0,0,1,0,0,0,0,0,0,1,0,,0
268447285,1000004083,1000066660,"{1000066659},{1000038744}",,90,0,0,0,0,0,0,0,0,0,0,0,0,0,70,0,0,3,100,13961,0,810,0,0,0,0,0,0,0,0,0,0,0,0,0,0,0,0,0,0,0,0,0,0,0,0,0,0,0,0,0,0,0,0,0,0,0,0,0,0,0,0,1,77243,1,2,1,1,0,1,0,0,12884,12886,12891,4875,4876,0,0,0,0,-49305,1,0,56,0,0,0,0,0,0,0,51,0,1,0,0,1,0,0,0,0,0,0,1,0,,0
268447286,1000004083,1000072390,"{1000072389},{1000038741}","{1000072389},{10214}",90,0,0,0,0,0,0,0,0,0,0,0,0,0,70,0,0,1,100,14012,0,551,0,0,0,0,0,0,0,0,0,0,0,0,0,0,0,0,0,0,0,0,0,0,0,0,0,0,0,0,0,0,0,0,0,0,0,0,0,0,0,0,1,77244,1,2,0,0,0,1,0,0,12884,12886,12891,4875,4876,0,0,0,0,-49305,1,0,0,0,0,0,0,0,0,0,51,0,1,0,0,1,0,0,0,0,0,0,1,0,,0
268447287,1000004083,1000072390,"{1000072389},{1000038741}","{1000072389},{10214}",90,0,0,0,0,0,0,0,0,0,0,0,0,0,70,0,0,2,100,14012,0,667,0,0,0,0,0,0,0,0,0,0,0,0,0,0,0,0,0,0,0,0,0,0,0,0,0,0,0,0,0,0,0,0,0,0,0,0,0,0,0,0,1,77245,1,2,1,1,0,1,0,0,12884,12886,12891,4875,4876,0,0,0,0,-49305,1,0,55,0,0,0,0,0,0,0,51,0,1,0,0,1,0,0,0,0,0,0,1,0,,0
268447288,1000004083,1000072390,"{1000072389},{1000038741}","{1000072389},{10214}",90,0,0,0,0,0,0,0,0,0,0,0,0,0,70,0,0,3,100,14012,0,810,0,0,0,0,0,0,0,0,0,0,0,0,0,0,0,0,0,0,0,0,0,0,0,0,0,0,0,0,0,0,0,0,0,0,0,0,0,0,0,0,1,77246,1,2,1,1,0,1,0,0,12884,12886,12891,4875,4876,0,0,0,0,-49305,1,0,56,0,0,0,0,0,0,0,51,0,1,0,0,1,0,0,0,0,0,0,1,0,,0
268447289,1000004083,1000072390,"{1000072389},{1000038742}","{1000072389},{10214}",90,0,0,0,0,0,0,0,0,0,0,0,0,0,70,0,0,1,100,14012,0,551,0,0,0,0,0,0,0,0,0,0,0,0,0,0,0,0,0,0,0,0,0,0,0,0,0,0,0,0,0,0,0,0,0,0,0,0,0,0,0,0,1,77247,1,2,0,0,0,1,0,0,12884,12886,12891,4875,4876,0,0,0,0,-49305,1,0,0,0,0,0,0,0,0,0,51,0,1,0,0,1,0,0,0,0,0,0,1,0,,0
268447290,1000004083,1000072390,"{1000072389},{1000038742}","{1000072389},{10214}",90,0,0,0,0,0,0,0,0,0,0,0,0,0,70,0,0,2,100,14012,0,667,0,0,0,0,0,0,0,0,0,0,0,0,0,0,0,0,0,0,0,0,0,0,0,0,0,0,0,0,0,0,0,0,0,0,0,0,0,0,0,0,1,77248,1,2,1,1,0,1,0,0,12884,12886,12891,4875,4876,0,0,0,0,-49305,1,0,55,0,0,0,0,0,0,0,51,0,1,0,0,1,0,0,0,0,0,0,1,0,,0
268447291,1000004083,1000072390,"{1000072389},{1000038742}","{1000072389},{10214}",90,0,0,0,0,0,0,0,0,0,0,0,0,0,70,0,0,3,100,14012,0,810,0,0,0,0,0,0,0,0,0,0,0,0,0,0,0,0,0,0,0,0,0,0,0,0,0,0,0,0,0,0,0,0,0,0,0,0,0,0,0,0,1,77249,1,2,1,1,0,1,0,0,12884,12886,12891,4875,4876,0,0,0,0,-49305,1,0,56,0,0,0,0,0,0,0,51,0,1,0,0,1,0,0,0,0,0,0,1,0,,0
268447292,1000004083,1000072390,"{1000072389},{1000038743}","{1000072389},{10214}",90,0,0,0,0,0,0,0,0,0,0,0,0,0,70,0,0,1,100,14012,0,551,0,0,0,0,0,0,0,0,0,0,0,0,0,0,0,0,0,0,0,0,0,0,0,0,0,0,0,0,0,0,0,0,0,0,0,0,0,0,0,0,1,77250,1,2,0,0,0,1,0,0,12884,12886,12891,4875,4876,0,0,0,0,-49305,1,0,0,0,0,0,0,0,0,0,51,0,1,0,0,1,0,0,0,0,0,0,1,0,,0
268447293,1000004083,1000072390,"{1000072389},{1000038743}","{1000072389},{10214}",90,0,0,0,0,0,0,0,0,0,0,0,0,0,70,0,0,2,100,14012,0,667,0,0,0,0,0,0,0,0,0,0,0,0,0,0,0,0,0,0,0,0,0,0,0,0,0,0,0,0,0,0,0,0,0,0,0,0,0,0,0,0,1,77251,1,2,1,1,0,1,0,0,12884,12886,12891,4875,4876,0,0,0,0,-49305,1,0,55,0,0,0,0,0,0,0,51,0,1,0,0,1,0,0,0,0,0,0,1,0,,0
268447294,1000004083,1000072390,"{1000072389},{1000038743}","{1000072389},{10214}",90,0,0,0,0,0,0,0,0,0,0,0,0,0,70,0,0,3,100,14012,0,810,0,0,0,0,0,0,0,0,0,0,0,0,0,0,0,0,0,0,0,0,0,0,0,0,0,0,0,0,0,0,0,0,0,0,0,0,0,0,0,0,1,77252,1,2,1,1,0,1,0,0,12884,12886,12891,4875,4876,0,0,0,0,-49305,1,0,56,0,0,0,0,0,0,0,51,0,1,0,0,1,0,0,0,0,0,0,1,0,,0
268447295,1000004083,1000072390,"{1000072389},{1000038744}","{1000072389},{10214}",90,0,0,0,0,0,0,0,0,0,0,0,0,0,70,0,0,1,100,14012,0,551,0,0,0,0,0,0,0,0,0,0,0,0,0,0,0,0,0,0,0,0,0,0,0,0,0,0,0,0,0,0,0,0,0,0,0,0,0,0,0,0,1,77253,1,2,0,0,0,1,0,0,12884,12886,12891,4875,4876,0,0,0,0,-49305,1,0,0,0,0,0,0,0,0,0,51,0,1,0,0,1,0,0,0,0,0,0,1,0,,0
268447296,1000004083,1000072390,"{1000072389},{1000038744}","{1000072389},{10214}",90,0,0,0,0,0,0,0,0,0,0,0,0,0,70,0,0,2,100,14012,0,667,0,0,0,0,0,0,0,0,0,0,0,0,0,0,0,0,0,0,0,0,0,0,0,0,0,0,0,0,0,0,0,0,0,0,0,0,0,0,0,0,1,77254,1,2,1,1,0,1,0,0,12884,12886,12891,4875,4876,0,0,0,0,-49305,1,0,55,0,0,0,0,0,0,0,51,0,1,0,0,1,0,0,0,0,0,0,1,0,,0
268447297,1000004083,1000072390,"{1000072389},{1000038744}","{1000072389},{10214}",90,0,0,0,0,0,0,0,0,0,0,0,0,0,70,0,0,3,100,14012,0,810,0,0,0,0,0,0,0,0,0,0,0,0,0,0,0,0,0,0,0,0,0,0,0,0,0,0,0,0,0,0,0,0,0,0,0,0,0,0,0,0,1,77255,1,2,1,1,0,1,0,0,12884,12886,12891,4875,4876,0,0,0,0,-49305,1,0,56,0,0,0,0,0,0,0,51,0,1,0,0,1,0,0,0,0,0,0,1,0,,0
268456121,1000004083,1000081395,"{1000081393},{1000038741}","{1000081393},{10348}",90,0,0,0,0,0,0,0,0,0,0,0,0,0,80,0,0,1,100,14012,0,551,0,0,0,0,0,0,0,0,0,0,0,0,0,0,0,0,0,0,0,0,0,0,0,0,0,0,0,0,0,0,0,0,0,0,0,0,0,0,0,0,1,78100,1,2,0,0,0,1,0,0,12884,12886,12891,4875,4876,0,0,0,0,-49305,1,0,0,0,0,0,0,0,0,0,51,0,1,0,0,1,0,0,0,0,0,0,1,0,,0
268456122,1000004083,1000081395,"{1000081393},{1000038741}","{1000081393},{10348}",90,0,0,0,0,0,0,0,0,0,0,0,0,0,80,0,0,2,100,14012,0,667,0,0,0,0,0,0,0,0,0,0,0,0,0,0,0,0,0,0,0,0,0,0,0,0,0,0,0,0,0,0,0,0,0,0,0,0,0,0,0,0,1,78101,1,2,1,1,0,1,0,0,12884,12886,12891,4875,4876,0,0,0,0,-49305,1,0,98,0,0,0,0,0,0,0,51,0,1,0,0,1,0,0,0,0,0,0,1,0,,0
268456123,1000004083,1000081395,"{1000081393},{1000038741}","{1000081393},{10348}",90,0,0,0,0,0,0,0,0,0,0,0,0,0,80,0,0,3,100,14012,0,810,0,0,0,0,0,0,0,0,0,0,0,0,0,0,0,0,0,0,0,0,0,0,0,0,0,0,0,0,0,0,0,0,0,0,0,0,0,0,0,0,1,78102,1,2,1,1,0,1,0,0,12884,12886,12891,4875,4876,0,0,0,0,-49305,1,0,99,0,0,0,0,0,0,0,51,0,1,0,0,1,0,0,0,0,0,0,1,0,,0
268456124,1000004083,1000081395,"{1000081393},{1000038742}","{1000081393},{10348}",90,0,0,0,0,0,0,0,0,0,0,0,0,0,80,0,0,1,100,14012,0,551,0,0,0,0,0,0,0,0,0,0,0,0,0,0,0,0,0,0,0,0,0,0,0,0,0,0,0,0,0,0,0,0,0,0,0,0,0,0,0,0,1,78103,1,2,0,0,0,1,0,0,12884,12886,12891,4875,4876,0,0,0,0,-49305,1,0,0,0,0,0,0,0,0,0,51,0,1,0,0,1,0,0,0,0,0,0,1,0,,0
268456125,1000004083,1000081395,"{1000081393},{1000038742}","{1000081393},{10348}",90,0,0,0,0,0,0,0,0,0,0,0,0,0,80,0,0,2,100,14012,0,667,0,0,0,0,0,0,0,0,0,0,0,0,0,0,0,0,0,0,0,0,0,0,0,0,0,0,0,0,0,0,0,0,0,0,0,0,0,0,0,0,1,78104,1,2,1,1,0,1,0,0,12884,12886,12891,4875,4876,0,0,0,0,-49305,1,0,98,0,0,0,0,0,0,0,51,0,1,0,0,1,0,0,0,0,0,0,1,0,,0
268456126,1000004083,1000081395,"{1000081393},{1000038742}","{1000081393},{10348}",90,0,0,0,0,0,0,0,0,0,0,0,0,0,80,0,0,3,100,14012,0,810,0,0,0,0,0,0,0,0,0,0,0,0,0,0,0,0,0,0,0,0,0,0,0,0,0,0,0,0,0,0,0,0,0,0,0,0,0,0,0,0,1,78105,1,2,1,1,0,1,0,0,12884,12886,12891,4875,4876,0,0,0,0,-49305,1,0,99,0,0,0,0,0,0,0,51,0,1,0,0,1,0,0,0,0,0,0,1,0,,0
268456127,1000004083,1000081395,"{1000081393},{1000038743}","{1000081393},{10348}",90,0,0,0,0,0,0,0,0,0,0,0,0,0,80,0,0,1,100,14012,0,551,0,0,0,0,0,0,0,0,0,0,0,0,0,0,0,0,0,0,0,0,0,0,0,0,0,0,0,0,0,0,0,0,0,0,0,0,0,0,0,0,1,78106,1,2,0,0,0,1,0,0,12884,12886,12891,4875,4876,0,0,0,0,-49305,1,0,0,0,0,0,0,0,0,0,51,0,1,0,0,1,0,0,0,0,0,0,1,0,,0
268456128,1000004083,1000081395,"{1000081393},{1000038743}","{1000081393},{10348}",90,0,0,0,0,0,0,0,0,0,0,0,0,0,80,0,0,2,100,14012,0,667,0,0,0,0,0,0,0,0,0,0,0,0,0,0,0,0,0,0,0,0,0,0,0,0,0,0,0,0,0,0,0,0,0,0,0,0,0,0,0,0,1,78107,1,2,1,1,0,1,0,0,12884,12886,12891,4875,4876,0,0,0,0,-49305,1,0,98,0,0,0,0,0,0,0,51,0,1,0,0,1,0,0,0,0,0,0,1,0,,0
268456129,1000004083,1000081395,"{1000081393},{1000038743}","{1000081393},{10348}",90,0,0,0,0,0,0,0,0,0,0,0,0,0,80,0,0,3,100,14012,0,810,0,0,0,0,0,0,0,0,0,0,0,0,0,0,0,0,0,0,0,0,0,0,0,0,0,0,0,0,0,0,0,0,0,0,0,0,0,0,0,0,1,78108,1,2,1,1,0,1,0,0,12884,12886,12891,4875,4876,0,0,0,0,-49305,1,0,99,0,0,0,0,0,0,0,51,0,1,0,0,1,0,0,0,0,0,0,1,0,,0
268456130,1000004083,1000081395,"{1000081393},{1000038744}","{1000081393},{10348}",90,0,0,0,0,0,0,0,0,0,0,0,0,0,80,0,0,1,100,14012,0,551,0,0,0,0,0,0,0,0,0,0,0,0,0,0,0,0,0,0,0,0,0,0,0,0,0,0,0,0,0,0,0,0,0,0,0,0,0,0,0,0,1,78109,1,2,0,0,0,1,0,0,12884,12886,12891,4875,4876,0,0,0,0,-49305,1,0,0,0,0,0,0,0,0,0,51,0,1,0,0,1,0,0,0,0,0,0,1,0,,0
268456131,1000004083,1000081395,"{1000081393},{1000038744}","{1000081393},{10348}",90,0,0,0,0,0,0,0,0,0,0,0,0,0,80,0,0,2,100,14012,0,667,0,0,0,0,0,0,0,0,0,0,0,0,0,0,0,0,0,0,0,0,0,0,0,0,0,0,0,0,0,0,0,0,0,0,0,0,0,0,0,0,1,78110,1,2,1,1,0,1,0,0,12884,12886,12891,4875,4876,0,0,0,0,-49305,1,0,98,0,0,0,0,0,0,0,51,0,1,0,0,1,0,0,0,0,0,0,1,0,,0
268456132,1000004083,1000081395,"{1000081393},{1000038744}","{1000081393},{10348}",90,0,0,0,0,0,0,0,0,0,0,0,0,0,80,0,0,3,100,14012,0,810,0,0,0,0,0,0,0,0,0,0,0,0,0,0,0,0,0,0,0,0,0,0,0,0,0,0,0,0,0,0,0,0,0,0,0,0,0,0,0,0,1,78111,1,2,1,1,0,1,0,0,12884,12886,12891,4875,4876,0,0,0,0,-49305,1,0,99,0,0,0,0,0,0,0,51,0,1,0,0,1,0,0,0,0,0,0,1,0,,0
268456133,1000004083,1000081395,"{1000085282},{1000038741}","{1000085282},{10253}",90,0,0,0,0,0,0,0,0,0,0,0,0,0,80,0,0,1,100,14012,0,551,0,0,0,0,0,0,0,0,0,0,0,0,0,0,0,0,0,0,0,0,0,0,0,0,0,0,0,0,0,0,0,0,0,0,0,0,0,0,0,0,1,77700,1,2,0,0,0,1,0,0,12884,12886,12891,4875,4876,0,0,0,0,-49305,1,0,0,0,0,0,0,0,0,0,51,0,1,0,0,1,0,0,0,0,0,0,1,0,,0
268456134,1000004083,1000081395,"{1000085282},{1000038741}","{1000085282},{10253}",90,0,0,0,0,0,0,0,0,0,0,0,0,0,80,0,0,2,100,14012,0,667,0,0,0,0,0,0,0,0,0,0,0,0,0,0,0,0,0,0,0,0,0,0,0,0,0,0,0,0,0,0,0,0,0,0,0,0,0,0,0,0,1,77701,1,2,1,1,0,1,0,0,12884,12886,12891,4875,4876,0,0,0,0,-49305,1,0,98,0,0,0,0,0,0,0,51,0,1,0,0,1,0,0,0,0,0,0,1,0,,0
268456135,1000004083,1000081395,"{1000085282},{1000038741}","{1000085282},{10253}",90,0,0,0,0,0,0,0,0,0,0,0,0,0,80,0,0,3,100,14012,0,810,0,0,0,0,0,0,0,0,0,0,0,0,0,0,0,0,0,0,0,0,0,0,0,0,0,0,0,0,0,0,0,0,0,0,0,0,0,0,0,0,1,77702,1,2,1,1,0,1,0,0,12884,12886,12891,4875,4876,0,0,0,0,-49305,1,0,99,0,0,0,0,0,0,0,51,0,1,0,0,1,0,0,0,0,0,0,1,0,,0
268456136,1000004083,1000081395,"{1000085282},{1000038742}","{1000085282},{10253}",90,0,0,0,0,0,0,0,0,0,0,0,0,0,80,0,0,1,100,14012,0,551,0,0,0,0,0,0,0,0,0,0,0,0,0,0,0,0,0,0,0,0,0,0,0,0,0,0,0,0,0,0,0,0,0,0,0,0,0,0,0,0,1,77703,1,2,0,0,0,1,0,0,12884,12886,12891,4875,4876,0,0,0,0,-49305,1,0,0,0,0,0,0,0,0,0,51,0,1,0,0,1,0,0,0,0,0,0,1,0,,0
268456137,1000004083,1000081395,"{1000085282},{1000038742}","{1000085282},{10253}",90,0,0,0,0,0,0,0,0,0,0,0,0,0,80,0,0,2,100,14012,0,667,0,0,0,0,0,0,0,0,0,0,0,0,0,0,0,0,0,0,0,0,0,0,0,0,0,0,0,0,0,0,0,0,0,0,0,0,0,0,0,0,1,77704,1,2,1,1,0,1,0,0,12884,12886,12891,4875,4876,0,0,0,0,-49305,1,0,98,0,0,0,0,0,0,0,51,0,1,0,0,1,0,0,0,0,0,0,1,0,,0
268456138,1000004083,1000081395,"{1000085282},{1000038742}","{1000085282},{10253}",90,0,0,0,0,0,0,0,0,0,0,0,0,0,80,0,0,3,100,14012,0,810,0,0,0,0,0,0,0,0,0,0,0,0,0,0,0,0,0,0,0,0,0,0,0,0,0,0,0,0,0,0,0,0,0,0,0,0,0,0,0,0,1,77705,1,2,1,1,0,1,0,0,12884,12886,12891,4875,4876,0,0,0,0,-49305,1,0,99,0,0,0,0,0,0,0,51,0,1,0,0,1,0,0,0,0,0,0,1,0,,0
268456139,1000004083,1000081395,"{1000085282},{1000038743}","{1000085282},{10253}",90,0,0,0,0,0,0,0,0,0,0,0,0,0,80,0,0,1,100,14012,0,551,0,0,0,0,0,0,0,0,0,0,0,0,0,0,0,0,0,0,0,0,0,0,0,0,0,0,0,0,0,0,0,0,0,0,0,0,0,0,0,0,1,77706,1,2,0,0,0,1,0,0,12884,12886,12891,4875,4876,0,0,0,0,-49305,1,0,0,0,0,0,0,0,0,0,51,0,1,0,0,1,0,0,0,0,0,0,1,0,,0
268456140,1000004083,1000081395,"{1000085282},{1000038743}","{1000085282},{10253}",90,0,0,0,0,0,0,0,0,0,0,0,0,0,80,0,0,2,100,14012,0,667,0,0,0,0,0,0,0,0,0,0,0,0,0,0,0,0,0,0,0,0,0,0,0,0,0,0,0,0,0,0,0,0,0,0,0,0,0,0,0,0,1,77707,1,2,1,1,0,1,0,0,12884,12886,12891,4875,4876,0,0,0,0,-49305,1,0,98,0,0,0,0,0,0,0,51,0,1,0,0,1,0,0,0,0,0,0,1,0,,0
268456141,1000004083,1000081395,"{1000085282},{1000038743}","{1000085282},{10253}",90,0,0,0,0,0,0,0,0,0,0,0,0,0,80,0,0,3,100,14012,0,810,0,0,0,0,0,0,0,0,0,0,0,0,0,0,0,0,0,0,0,0,0,0,0,0,0,0,0,0,0,0,0,0,0,0,0,0,0,0,0,0,1,77708,1,2,1,1,0,1,0,0,12884,12886,12891,4875,4876,0,0,0,0,-49305,1,0,99,0,0,0,0,0,0,0,51,0,1,0,0,1,0,0,0,0,0,0,1,0,,0
268456142,1000004083,1000081395,"{1000085282},{1000038744}","{1000085282},{10253}",90,0,0,0,0,0,0,0,0,0,0,0,0,0,80,0,0,1,100,14012,0,551,0,0,0,0,0,0,0,0,0,0,0,0,0,0,0,0,0,0,0,0,0,0,0,0,0,0,0,0,0,0,0,0,0,0,0,0,0,0,0,0,1,77709,1,2,0,0,0,1,0,0,12884,12886,12891,4875,4876,0,0,0,0,-49305,1,0,0,0,0,0,0,0,0,0,51,0,1,0,0,1,0,0,0,0,0,0,1,0,,0
268456143,1000004083,1000081395,"{1000085282},{1000038744}","{1000085282},{10253}",90,0,0,0,0,0,0,0,0,0,0,0,0,0,80,0,0,2,100,14012,0,667,0,0,0,0,0,0,0,0,0,0,0,0,0,0,0,0,0,0,0,0,0,0,0,0,0,0,0,0,0,0,0,0,0,0,0,0,0,0,0,0,1,77710,1,2,1,1,0,1,0,0,12884,12886,12891,4875,4876,0,0,0,0,-49305,1,0,98,0,0,0,0,0,0,0,51,0,1,0,0,1,0,0,0,0,0,0,1,0,,0
268456144,1000004083,1000081395,"{1000085282},{1000038744}","{1000085282},{10253}",90,0,0,0,0,0,0,0,0,0,0,0,0,0,80,0,0,3,100,14012,0,810,0,0,0,0,0,0,0,0,0,0,0,0,0,0,0,0,0,0,0,0,0,0,0,0,0,0,0,0,0,0,0,0,0,0,0,0,0,0,0,0,1,77711,1,2,1,1,0,1,0,0,12884,12886,12891,4875,4876,0,0,0,0,-49305,1,0,99,0,0,0,0,0,0,0,51,0,1,0,0,1,0,0,0,0,0,0,1,0,,0
268456145,1000004083,1000154456,"{1000091330},{1000038741}","{1000072389},{10263},{1000154455}",152,0,0,0,0,0,0,0,0,0,0,0,0,0,80,0,0,1,100,14012,0,551,0,0,0,0,0,0,0,0,0,0,0,0,0,0,0,0,0,0,0,0,0,0,0,0,0,0,0,0,0,0,0,0,0,0,0,0,0,0,0,0,1,77712,1,2,0,0,0,1,0,0,12884,12886,12891,4875,4876,0,0,0,0,-49305,1,0,0,0,0,0,0,0,0,0,51,0,1,0,0,1,0,0,0,0,0,0,1,0,,0
268456146,1000004083,1000154456,"{1000091330},{1000038741}","{1000072389},{10263},{1000154455}",152,0,0,0,0,0,0,0,0,0,0,0,0,0,80,0,0,2,100,14012,0,667,0,0,0,0,0,0,0,0,0,0,0,0,0,0,0,0,0,0,0,0,0,0,0,0,0,0,0,0,0,0,0,0,0,0,0,0,0,0,0,0,1,77713,1,2,1,1,0,1,0,0,12884,12886,12891,4875,4876,0,0,0,0,-49305,1,0,98,0,0,0,0,0,0,0,51,0,1,0,0,1,0,0,0,0,0,0,1,0,,0
268456147,1000004083,1000154456,"{1000091330},{1000038741}","{1000072389},{10263},{1000154455}",152,0,0,0,0,0,0,0,0,0,0,0,0,0,80,0,0,3,100,14012,0,810,0,0,0,0,0,0,0,0,0,0,0,0,0,0,0,0,0,0,0,0,0,0,0,0,0,0,0,0,0,0,0,0,0,0,0,0,0,0,0,0,1,77714,1,2,1,1,0,1,0,0,12884,12886,12891,4875,4876,0,0,0,0,-49305,1,0,99,0,0,0,0,0,0,0,51,0,1,0,0,1,0,0,0,0,0,0,1,0,,0
268456148,1000004083,1000154456,"{1000091330},{1000038742}","{1000072389},{10263},{1000154455}",152,0,0,0,0,0,0,0,0,0,0,0,0,0,80,0,0,1,100,14012,0,551,0,0,0,0,0,0,0,0,0,0,0,0,0,0,0,0,0,0,0,0,0,0,0,0,0,0,0,0,0,0,0,0,0,0,0,0,0,0,0,0,1,77715,1,2,0,0,0,1,0,0,12884,12886,12891,4875,4876,0,0,0,0,-49305,1,0,0,0,0,0,0,0,0,0,51,0,1,0,0,1,0,0,0,0,0,0,1,0,,0
268456149,1000004083,1000154456,"{1000091330},{1000038742}","{1000072389},{10263},{1000154455}",152,0,0,0,0,0,0,0,0,0,0,0,0,0,80,0,0,2,100,14012,0,667,0,0,0,0,0,0,0,0,0,0,0,0,0,0,0,0,0,0,0,0,0,0,0,0,0,0,0,0,0,0,0,0,0,0,0,0,0,0,0,0,1,77716,1,2,1,1,0,1,0,0,12884,12886,12891,4875,4876,0,0,0,0,-49305,1,0,98,0,0,0,0,0,0,0,51,0,1,0,0,1,0,0,0,0,0,0,1,0,,0
268456150,1000004083,1000154456,"{1000091330},{1000038742}","{1000072389},{10263},{1000154455}",152,0,0,0,0,0,0,0,0,0,0,0,0,0,80,0,0,3,100,14012,0,810,0,0,0,0,0,0,0,0,0,0,0,0,0,0,0,0,0,0,0,0,0,0,0,0,0,0,0,0,0,0,0,0,0,0,0,0,0,0,0,0,1,77717,1,2,1,1,0,1,0,0,12884,12886,12891,4875,4876,0,0,0,0,-49305,1,0,99,0,0,0,0,0,0,0,51,0,1,0,0,1,0,0,0,0,0,0,1,0,,0
268456151,1000004083,1000154456,"{1000091330},{1000038743}","{1000072389},{10263},{1000154455}",152,0,0,0,0,0,0,0,0,0,0,0,0,0,80,0,0,1,100,14012,0,551,0,0,0,0,0,0,0,0,0,0,0,0,0,0,0,0,0,0,0,0,0,0,0,0,0,0,0,0,0,0,0,0,0,0,0,0,0,0,0,0,1,77718,1,2,0,0,0,1,0,0,12884,12886,12891,4875,4876,0,0,0,0,-49305,1,0,0,0,0,0,0,0,0,0,51,0,1,0,0,1,0,0,0,0,0,0,1,0,,0
268456152,1000004083,1000154456,"{1000091330},{1000038743}","{1000072389},{10263},{1000154455}",152,0,0,0,0,0,0,0,0,0,0,0,0,0,80,0,0,2,100,14012,0,667,0,0,0,0,0,0,0,0,0,0,0,0,0,0,0,0,0,0,0,0,0,0,0,0,0,0,0,0,0,0,0,0,0,0,0,0,0,0,0,0,1,77719,1,2,1,1,0,1,0,0,12884,12886,12891,4875,4876,0,0,0,0,-49305,1,0,98,0,0,0,0,0,0,0,51,0,1,0,0,1,0,0,0,0,0,0,1,0,,0
268456153,1000004083,1000154456,"{1000091330},{1000038743}","{1000072389},{10263},{1000154455}",152,0,0,0,0,0,0,0,0,0,0,0,0,0,80,0,0,3,100,14012,0,810,0,0,0,0,0,0,0,0,0,0,0,0,0,0,0,0,0,0,0,0,0,0,0,0,0,0,0,0,0,0,0,0,0,0,0,0,0,0,0,0,1,77720,1,2,1,1,0,1,0,0,12884,12886,12891,4875,4876,0,0,0,0,-49305,1,0,99,0,0,0,0,0,0,0,51,0,1,0,0,1,0,0,0,0,0,0,1,0,,0
268456154,1000004083,1000154456,"{1000091330},{1000038744}","{1000072389},{10263},{1000154455}",152,0,0,0,0,0,0,0,0,0,0,0,0,0,80,0,0,1,100,14012,0,551,0,0,0,0,0,0,0,0,0,0,0,0,0,0,0,0,0,0,0,0,0,0,0,0,0,0,0,0,0,0,0,0,0,0,0,0,0,0,0,0,1,77721,1,2,0,0,0,1,0,0,12884,12886,12891,4875,4876,0,0,0,0,-49305,1,0,0,0,0,0,0,0,0,0,51,0,1,0,0,1,0,0,0,0,0,0,1,0,,0
268456155,1000004083,1000154456,"{1000091330},{1000038744}","{1000072389},{10263},{1000154455}",152,0,0,0,0,0,0,0,0,0,0,0,0,0,80,0,0,2,100,14012,0,667,0,0,0,0,0,0,0,0,0,0,0,0,0,0,0,0,0,0,0,0,0,0,0,0,0,0,0,0,0,0,0,0,0,0,0,0,0,0,0,0,1,77722,1,2,1,1,0,1,0,0,12884,12886,12891,4875,4876,0,0,0,0,-49305,1,0,98,0,0,0,0,0,0,0,51,0,1,0,0,1,0,0,0,0,0,0,1,0,,0
268456156,1000004083,1000154456,"{1000091330},{1000038744}","{1000072389},{10263},{1000154455}",152,0,0,0,0,0,0,0,0,0,0,0,0,0,80,0,0,3,100,14012,0,810,0,0,0,0,0,0,0,0,0,0,0,0,0,0,0,0,0,0,0,0,0,0,0,0,0,0,0,0,0,0,0,0,0,0,0,0,0,0,0,0,1,77723,1,2,1,1,0,1,0,0,12884,12886,12891,4875,4876,0,0,0,0,-49305,1,0,99,0,0,0,0,0,0,0,51,0,1,0,0,1,0,0,0,0,0,0,1,0,,0
268442119,1000004083,1000050003,"{1000050002},{1000038741}",,90,0,0,0,0,0,0,0,0,0,0,0,0,0,60,0,0,4,100,13686,0,10000,0,0,0,0,0,0,0,0,0,0,0,0,0,0,0,0,0,0,0,0,0,0,0,0,0,0,0,0,0,0,0,0,0,0,0,0,0,0,0,0,1,77101,1,2,1,1,0,1,0,0,12884,12886,12891,4875,4876,0,0,0,0,-49305,1,0,5200300,0,0,0,0,0,0,0,51,0,1,0,0,1,0,0,0,0,0,0,1,0,,0
268442120,1000004083,1000050003,"{1000050002},{1000038742}",,90,0,0,0,0,0,0,0,0,0,0,0,0,0,60,0,0,4,100,13686,0,10000,0,0,0,0,0,0,0,0,0,0,0,0,0,0,0,0,0,0,0,0,0,0,0,0,0,0,0,0,0,0,0,0,0,0,0,0,0,0,0,0,1,77102,1,2,1,1,0,1,0,0,12884,12886,12891,4875,4876,0,0,0,0,-49305,1,0,5200300,0,0,0,0,0,0,0,51,0,1,0,0,1,0,0,0,0,0,0,1,0,,0
268442121,1000004083,1000050003,"{1000050002},{1000038743}",,90,0,0,0,0,0,0,0,0,0,0,0,0,0,60,0,0,4,100,13686,0,10000,0,0,0,0,0,0,0,0,0,0,0,0,0,0,0,0,0,0,0,0,0,0,0,0,0,0,0,0,0,0,0,0,0,0,0,0,0,0,0,0,1,77103,1,2,1,1,0,1,0,0,12884,12886,12891,4875,4876,0,0,0,0,-49305,1,0,5200300,0,0,0,0,0,0,0,51,0,1,0,0,1,0,0,0,0,0,0,1,0,,0
268442122,1000004083,1000050003,"{1000050002},{1000038744}",,90,0,0,0,0,0,0,0,0,0,0,0,0,0,60,0,0,4,100,13686,0,10000,0,0,0,0,0,0,0,0,0,0,0,0,0,0,0,0,0,0,0,0,0,0,0,0,0,0,0,0,0,0,0,0,0,0,0,0,0,0,0,0,1,77104,1,2,1,1,0,1,0,0,12884,12886,12891,4875,4876,0,0,0,0,-49305,1,0,5200300,0,0,0,0,0,0,0,51,0,1,0,0,1,0,0,0,0,0,0,1,0,,0
268442173,1000003651,1000051559,{1000051670},,90,0,0,0,0,0,0,0,0,0,0,0,0,0,45,0,0,3,100,13416,0,10000,0,0,0,0,0,0,0,0,0,0,0,0,0,0,0,0,0,0,0,0,0,0,0,0,0,0,0,0,0,0,0,0,0,0,0,0,0,0,0,0,1,77105,1,2,1,0,0,1,0,0,12884,12886,12891,4875,4876,0,0,0,0,-49305,0,0,0,0,0,0,0,0,0,0,51,0,1,0,0,1,0,0,0,0,0,0,1,0,,0
268442174,1000003651,1000051559,{1000051670},,90,0,0,0,0,0,0,0,0,0,0,0,0,0,55,0,0,3,100,13607,0,10000,0,0,0,0,0,0,0,0,0,0,0,0,0,0,0,0,0,0,0,0,0,0,0,0,0,0,0,0,0,0,0,0,0,0,0,0,0,0,0,0,1,77106,1,2,1,0,0,1,0,0,12884,12886,12891,4875,4876,0,0,0,0,-49305,0,0,0,0,0,0,0,0,0,0,51,0,1,0,0,1,0,0,0,0,0,0,1,0,,0
268446873,1000003651,1000051559,{1000051670},,90,0,0,0,0,0,0,0,0,0,0,0,0,0,60,0,0,3,100,13686,0,10000,0,0,0,0,0,0,0,0,0,0,0,0,0,0,0,0,0,0,0,0,0,0,0,0,0,0,0,0,0,0,0,0,0,0,0,0,0,0,0,0,1,77136,1,2,1,0,0,1,0,0,12884,12886,12891,4875,4876,0,0,0,0,-49305,0,0,0,0,0,0,0,0,0,0,51,0,1,0,0,1,0,0,0,0,0,0,1,0,,0
268443239,1000056165,1000056167,,,90,0,0,0,0,0,0,0,0,0,0,0,0,0,40,0,0,4,1,13686,0,0,0,0,0,0,0,0,0,0,0,0,0,0,0,0,0,0,0,0,0,0,0,0,0,0,0,0,0,0,0,0,0,0,0,0,0,0,0,0,0,0,1,77133,1,2,1,0,0,1,0,0,12884,12886,12891,4875,4876,0,0,0,0,-49305,1,0,0,0,0,0,0,0,0,0,51,0,1,0,0,1,0,0,0,0,0,0,1,0,,0
268443240,1000056166,1000056167,,,90,0,0,0,0,0,0,0,0,0,0,0,0,0,40,0,0,4,1,13686,0,0,0,0,0,0,0,0,0,0,0,0,0,0,0,0,0,0,0,0,0,0,0,0,0,0,0,0,0,0,0,0,0,0,0,0,0,0,0,0,0,0,1,77134,1,2,1,0,0,1,0,0,12884,12886,12891,4875,4876,0,0,0,0,-49305,1,0,0,0,0,0,0,0,0,0,51,0,1,0,0,1,0,0,0,0,0,0,1,0,,0
268456172,1000081637,1000081638,,,90,0,0,0,0,0,0,0,0,0,0,0,0,0,80,0,0,4,1,13686,0,0,0,0,0,0,0,0,0,0,0,0,0,0,0,0,0,0,0,0,0,0,0,0,0,0,0,0,0,0,0,0,0,0,0,0,0,0,0,0,0,0,1,78112,1,2,1,1,0,1,0,0,12884,12886,12891,4875,4876,0,0,0,0,-49305,1,0,100,0,0,0,0,0,0,0,51,0,1,0,0,1,0,0,0,0,0,0,1,0,,0
268456195,1000081637,1000081638,,,90,0,0,0,0,0,0,0,0,0,0,0,0,0,80,0,0,4,1,13686,0,0,0,0,0,0,0,0,0,0,0,0,0,0,0,0,0,0,0,0,0,0,0,0,0,0,0,0,0,0,0,0,0,0,0,0,0,0,0,0,0,0,1,78113,1,2,1,1,0,1,0,0,12884,12886,12891,4875,4876,0,0,0,0,-49305,1,0,100,0,0,0,0,0,0,0,51,0,1,0,0,1,0,0,0,0,0,0,1,0,,0
268456196,1000081637,1000081638,,,90,0,0,0,0,0,0,0,0,0,0,0,0,0,80,0,0,4,1,13686,0,0,0,0,0,0,0,0,0,0,0,0,0,0,0,0,0,0,0,0,0,0,0,0,0,0,0,0,0,0,0,0,0,0,0,0,0,0,0,0,0,0,1,78114,1,2,1,1,0,1,0,0,12884,12886,12891,4875,4876,0,0,0,0,-49305,1,0,100,0,0,0,0,0,0,0,51,0,1,0,0,1,0,0,0,0,0,0,1,0,,0
268444228,1000057331,1000057332,,,90,0,0,0,0,0,0,0,0,0,0,0,0,0,40,0,0,5,100,13686,0,10000,0,0,0,0,0,0,0,0,0,0,0,0,0,0,0,0,0,0,0,0,0,0,0,0,0,0,0,0,0,0,0,0,0,0,0,0,0,0,0,0,1,77135,1,2,1,0,0,1,0,0,12884,12886,12891,4875,4876,0,0,0,0,-49305,1,0,0,0,0,0,0,0,0,0,51,0,1,0,0,1,0,0,0,0,0,0,1,0,,0
268461879,1000091565,1000091566,,,90,0,0,0,0,0,0,0,0,0,0,0,0,0,80,0,0,5,100,13686,0,10000,0,0,0,0,0,0,0,0,0,0,0,0,0,0,0,0,0,0,0,0,0,0,0,0,0,0,0,0,0,0,0,0,0,0,0,0,0,0,0,0,1,77163,1,2,1,0,0,1,0,0,12884,12886,12891,4875,4876,0,0,0,0,-49305,1,0,0,0,0,0,0,0,0,0,51,0,1,0,0,1,0,0,0,0,0,0,1,0,,0
268453191,1000074767,0,,,90,0,0,0,0,0,0,0,0,0,0,0,0,0,1,0,0,4,100,13686,0,0,0,0,0,0,0,0,0,0,0,0,0,0,0,0,0,0,0,0,0,0,0,0,0,0,0,0,0,0,0,0,0,0,0,0,0,0,0,0,0,0,1,77256,1,2,1,0,0,0,0,0,12884,12886,12891,4875,4876,0,0,0,0,-49305,0,0,0,0,0,0,0,0,0,0,51,70,1,0,0,1,0,0,0,0,0,0,1,0,,0
268464002,1000100223,1000099268,,,90,0,0,0,0,0,0,0,0,0,0,0,0,0,90,0,0,4,1,13686,0,0,0,0,0,0,0,0,0,0,0,0,0,0,0,0,0,0,0,0,0,0,0,0,0,0,0,0,0,0,0,0,0,0,0,0,0,0,0,0,0,0,1,78140,1,2,1,0,0,1,0,0,12884,12886,12891,4875,4876,0,0,0,0,-49305,1,0,0,0,0,0,0,0,0,0,51,0,1,0,0,1,0,0,0,0,0,0,1,0,,0
268464003,1000100223,1000099268,,,90,0,0,0,0,0,0,0,0,0,0,0,0,0,90,0,0,4,1,13686,0,0,0,0,0,0,0,0,0,0,0,0,0,0,0,0,0,0,0,0,0,0,0,0,0,0,0,0,0,0,0,0,0,0,0,0,0,0,0,0,0,0,1,78141,1,2,1,0,0,1,0,0,12884,12886,12891,4875,4876,0,0,0,0,-49305,1,0,0,0,0,0,0,0,0,0,51,0,1,0,0,1,0,0,0,0,0,0,1,0,,0
268464004,1000100223,1000099268,,,90,0,0,0,0,0,0,0,0,0,0,0,0,0,90,0,0,4,1,13686,0,0,0,0,0,0,0,0,0,0,0,0,0,0,0,0,0,0,0,0,0,0,0,0,0,0,0,0,0,0,0,0,0,0,0,0,0,0,0,0,0,0,1,78142,1,2,1,0,0,1,0,0,12884,12886,12891,4875,4876,0,0,0,0,-49305,1,0,0,0,0,0,0,0,0,0,51,0,1,0,0,1,0,0,0,0,0,0,1,0,,0
268465754,1000100223,1000099268,,,90,0,0,0,0,0,0,0,0,0,0,0,0,0,90,0,0,4,1,13686,0,0,0,0,0,0,0,0,0,0,0,0,0,0,0,0,0,0,0,0,0,0,0,0,0,0,0,0,0,0,0,0,0,0,0,0,0,0,0,0,0,0,1,78143,1,2,1,0,0,1,0,0,12884,12886,12891,4875,4876,0,0,0,0,-49305,1,0,0,0,0,0,0,0,0,0,51,0,1,0,0,1,0,0,0,0,0,0,1,0,,0
268465755,1000100223,1000099268,,,90,0,0,0,0,0,0,0,0,0,0,0,0,0,90,0,0,4,1,13686,0,0,0,0,0,0,0,0,0,0,0,0,0,0,0,0,0,0,0,0,0,0,0,0,0,0,0,0,0,0,0,0,0,0,0,0,0,0,0,0,0,0,1,78144,1,2,1,0,0,1,0,0,12884,12886,12891,4875,4876,0,0,0,0,-49305,1,0,0,0,0,0,0,0,0,0,51,0,1,0,0,1,0,0,0,0,0,0,1,0,,0
268465756,1000100223,1000099268,,,90,0,0,0,0,0,0,0,0,0,0,0,0,0,90,0,0,4,1,13686,0,0,0,0,0,0,0,0,0,0,0,0,0,0,0,0,0,0,0,0,0,0,0,0,0,0,0,0,0,0,0,0,0,0,0,0,0,0,0,0,0,0,1,78145,1,2,1,0,0,1,0,0,12884,12886,12891,4875,4876,0,0,0,0,-49305,1,0,0,0,0,0,0,0,0,0,51,0,1,0,0,1,0,0,0,0,0,0,1,0,,0
268465690,1000003651,1000099268,{1000051670},,90,0,0,0,0,0,0,0,0,0,0,0,0,0,40,0,0,4,1,13686,0,0,0,0,0,0,0,0,0,0,0,0,0,0,0,0,0,0,0,0,0,0,0,0,0,0,0,0,0,0,0,0,0,0,0,0,0,0,0,0,0,0,1,78200,1,2,1,0,0,1,0,0,12884,12886,12891,4875,4876,0,0,0,0,-49305,1,0,0,0,0,0,0,0,0,0,51,0,1,0,0,1,0,0,0,0,0,0,1,0,,0
268468852,1000111529,1000110079,,,90,0,0,0,0,0,0,0,0,0,0,0,0,0,93,0,0,4,1,13686,0,0,0,0,0,0,0,0,0,0,0,0,0,0,0,0,0,0,0,0,0,0,0,0,0,0,0,0,0,0,0,0,0,0,0,0,0,0,0,0,0,0,1,78161,1,2,1,1,0,1,0,0,12884,12886,12891,4875,4876,0,0,0,0,-49305,1,0,1111,0,0,0,0,0,0,0,51,0,1,0,0,1,0,0,0,0,0,0,1,0,,0
268468853,1000111530,1000110079,,,90,0,0,0,0,0,0,0,0,0,0,0,0,0,93,0,0,4,1,13686,0,0,0,0,0,0,0,0,0,0,0,0,0,0,0,0,0,0,0,0,0,0,0,0,0,0,0,0,0,0,0,0,0,0,0,0,0,0,0,0,0,0,1,78162,1,2,1,1,0,1,0,0,12884,12886,12891,4875,4876,0,0,0,0,-49305,1,0,1111,0,0,0,0,0,0,0,51,0,1,0,0,1,0,0,0,0,0,0,1,0,,0
268477125,1000126997,1000137867,,,90,0,0,0,0,0,0,0,0,0,0,0,0,0,95,0,0,5,100,14012,0,0,0,0,0,0,0,0,0,0,0,0,0,0,0,0,0,0,0,0,0,0,0,0,0,0,0,0,0,0,0,0,0,0,0,0,0,0,0,0,0,0,1,77170,1,2,1,0,0,1,0,0,12884,12886,12891,4875,4876,0,0,0,0,-49305,1,0,0,0,0,0,0,0,0,0,51,0,1,0,0,1,0,0,0,0,0,0,1,0,,0
268477126,1000126998,1000137868,,,90,0,0,0,0,0,0,0,0,0,0,0,0,0,95,0,0,5,100,13686,0,0,0,0,0,0,0,0,0,0,0,0,0,0,0,0,0,0,0,0,0,0,0,0,0,0,0,0,0,0,0,0,0,0,0,0,0,0,0,0,0,0,1,77171,1,2,0,1,0,1,0,0,12884,12886,12891,4875,4876,0,0,0,0,-49305,1,0,1111,0,0,0,0,0,0,0,51,0,1,0,0,1,0,0,0,0,0,0,1,0,,0
268480930,1000126997,1000138103,,,90,0,0,0,0,0,0,0,0,0,0,0,0,0,95,0,0,5,100,14012,0,0,0,0,0,0,0,0,0,0,0,0,0,0,0,0,0,0,0,0,0,0,0,0,0,0,0,0,0,0,0,0,0,0,0,0,0,0,0,0,0,0,1,77172,1,2,1,0,0,1,0,0,12884,12886,12891,4875,4876,0,0,0,0,-49305,1,0,0,0,0,0,0,0,0,0,51,0,1,0,0,1,0,0,0,0,0,0,1,0,,0
268480931,1000126998,1000138104,,,90,0,0,0,0,0,0,0,0,0,0,0,0,0,95,0,0,5,100,13686,0,0,0,0,0,0,0,0,0,0,0,0,0,0,0,0,0,0,0,0,0,0,0,0,0,0,0,0,0,0,0,0,0,0,0,0,0,0,0,0,0,0,1,77173,1,2,1,0,0,1,0,0,12884,12886,12891,4875,4876,0,0,0,0,-49305,1,0,0,0,0,0,0,0,0,0,51,0,1,0,0,1,0,0,0,0,0,0,1,0,,0
268480932,1000126998,1000137868,,,90,0,0,0,0,0,0,0,0,0,0,0,0,0,95,0,0,5,100,13686,0,0,0,0,0,0,0,0,0,0,0,0,0,0,0,0,0,0,0,0,0,0,0,0,0,0,0,0,0,0,0,0,0,0,0,0,0,0,0,0,0,0,1,77171,1,2,1,0,0,1,0,0,12884,12886,12891,4875,4876,0,0,0,0,-49305,1,0,0,0,0,0,0,0,0,0,51,0,1,0,0,1,0,0,0,0,0,0,1,0,,0
268481003,1000126997,1000138103,,,90,0,0,0,0,0,0,0,0,0,0,0,0,0,95,0,0,5,100,14012,0,0,0,0,0,0,0,0,0,0,0,0,0,0,0,0,0,0,0,0,0,0,0,0,0,0,0,0,0,0,0,0,0,0,0,0,0,0,0,0,0,0,1,77174,1,2,1,0,0,1,0,0,12884,12886,12891,4875,4876,0,0,0,0,-49305,1,0,0,0,0,0,0,0,0,0,51,0,1,0,0,1,0,0,0,0,0,0,1,0,,0
268481004,1000126998,1000138104,,,90,0,0,0,0,0,0,0,0,0,0,0,0,0,95,0,0,5,100,13686,0,0,0,0,0,0,0,0,0,0,0,0,0,0,0,0,0,0,0,0,0,0,0,0,0,0,0,0,0,0,0,0,0,0,0,0,0,0,0,0,0,0,1,77175,1,2,1,0,0,1,0,0,12884,12886,12891,4875,4876,0,0,0,0,-49305,1,0,0,0,0,0,0,0,0,0,51,0,1,0,0,1,0,0,0,0,0,0,1,0,,0
268484476,1000152406,1000152408,,,90,0,0,0,0,0,0,0,0,0,0,0,0,0,95,0,0,4,1,13686,0,0,0,0,0,0,0,0,0,0,0,0,0,0,0,0,0,0,0,0,0,0,0,0,0,0,0,0,0,0,0,0,0,0,0,0,0,0,0,0,0,0,1,77176,1,2,1,1,0,1,0,0,12884,12886,12891,4860,57328,0,0,0,0,-49305,1,0,1111,0,0,0,0,0,0,0,51,0,1,0,0,1,0,0,0,0,0,0,1,0,,0
268484477,1000152407,1000152409,,,90,0,0,0,0,0,0,0,0,0,0,0,0,0,95,0,0,5,1,14012,0,0,0,0,0,0,0,0,0,0,0,0,0,0,0,0,0,0,0,0,0,0,0,0,0,0,0,0,0,0,0,0,0,0,0,0,0,0,0,0,0,0,1,77177,1,2,1,1,0,1,0,0,12884,12886,12891,4860,57327,0,0,0,0,-49305,1,0,1111,0,0,0,0,0,0,0,51,0,1,0,0,1,0,0,0,0,0,0,1,0,,0
268501262,1000185803,1000185802,,,1,0,0,0,0,0,0,0,0,0,0,0,0,0,95,0,0,2,1,15665,0,1,88,1,0.05,0.05,25,1,1000000,1000000,0,0,0,0,0,0,0,0,0,0,0,0,0,0,0,0,0,0,0,0,0,0,0,0,0,0,0,0,0,0,0,0,0,0,1,6,1,0,0,1,0,4844,4843,4843,4872,4418,4417,847258650,1,10000000,184555862,-1,1,0,0,0,0,0,0,0,0,0,82,0,1,0,0,1,0,0,0,0,0,0,1,0,,0
268501253,1000185816,1000185802,,,1,0,0,0,838961833,0,0,0,0,0,0,0,0,0,95,0,0,3,1,15667,0,1,88,1,0.1,0.1,25,1,6000000,6000000,0,0,0,0,0,0,0,0,0,0,0,0,0,0,0,0,0,0,0,0,0,0,0,0,0,0,0,0,0,0,0,0,0,0,1,6,1,0,0,1,0,4844,4843,4843,4872,4418,4417,0,1,10000000,184555860,-1,1,0,0,0,0,0,0,0,0,0,82,0,1,0,0,1,0,0,0,0,0,0,1,0,,0
268501263,1000185817,1000185802,,,1,0,0,0,838961834,0,0,0,0,0,0,0,0,0,95,0,0,3,1,15666,0,1,88,1,0.1,0.1,25,1,6000000,6000000,0,0,0,0,0,0,0,0,0,0,0,0,0,0,0,0,0,0,0,0,0,0,0,0,0,0,0,0,0,0,0,0,0,0,1,6,1,0,0,1,0,4844,4843,4843,4872,4418,4417,0,1,10000000,184555860,-1,1,0,0,0,0,0,0,0,0,0,82,0,1,0,0,1,0,0,0,0,0,0,1,0,,0
268501264,1000185818,1000185802,,,1,0,0,0,838961835,0,0,0,0,0,0,0,0,0,95,0,0,3,1,15668,0,1,88,1,0.1,0.1,25,1,6000000,6000000,0,0,0,0,0,0,0,0,0,0,0,0,0,0,0,0,0,0,0,0,0,0,0,0,0,0,0,0,0,0,0,0,0,0,1,6,1,0,0,1,0,4844,4843,4843,4872,4418,4417,0,1,10000000,184555860,-1,1,0,0,0,0,0,0,0,0,0,82,0,1,0,0,1,0,0,0,0,0,0,1,0,,0
268501265,1000185819,1000185802,,,1,0,0,0,838961836,0,0,0,0,0,0,0,0,0,95,0,0,3,1,15669,0,1,88,1,0.1,0.1,25,1,6000000,6000000,0,0,0,0,0,0,0,0,0,0,0,0,0,0,0,0,0,0,0,0,0,0,0,0,0,0,0,0,0,0,0,0,0,0,1,6,1,0,0,1,0,4844,4843,4843,4872,4418,4417,0,1,10000000,184555860,-1,1,0,0,0,0,0,0,0,0,0,82,0,1,0,0,1,0,0,0,0,0,0,1,0,,0
268501266,1000185801,1000185802,,,1,0,0,0,838961833,838961834,838961835,838961836,0,0,0,0,0,0,95,0,0,3,1,15670,0,1,88,1,0.1,0.1,25,1,6000000,6000000,109,1,5,5,0,0,0,0,0,0,0,0,0,0,0,0,0,0,0,0,0,0,0,0,0,0,0,0,0,0,0,0,0,0,1,6,1,0,0,1,0,4844,4843,4843,4872,4418,4417,847258661,1,10000000,184556033,-1,1,0,0,0,0,0,0,0,0,0,82,0,1,0,0,1,0,0,0,0,0,0,1,0,,0
268503271,1000191001,1000185802,,,1,0,0,0,838962964,838962965,838961835,838961836,0,0,0,0,0,0,95,0,0,4,1,15738,0,1,88,1,0.15,0.15,25,1,11000000,11000000,109,1,5,5,0,0,0,0,0,0,0,0,0,0,0,0,0,0,0,0,0,0,0,0,0,0,0,0,0,0,0,0,0,0,1,6,1,0,0,1,0,4844,4843,4843,4872,4418,4417,0,1,10000000,184556228,-1,1,0,0,0,0,0,0,0,0,0,82,0,1,0,0,1,0,0,0,0,0,0,1,0,,0
268503272,1000191002,1000185802,,,1,0,0,0,838961833,838961834,838962966,838962967,0,0,0,0,0,0,95,0,0,4,1,15739,0,1,88,1,0.15,0.15,25,1,11000000,11000000,109,1,5,5,0,0,0,0,0,0,0,0,0,0,0,0,0,0,0,0,0,0,0,0,0,0,0,0,0,0,0,0,0,0,1,6,1,0,0,1,0,4844,4843,4843,4872,4418,4417,0,1,10000000,184556228,-1,1,0,0,0,0,0,0,0,0,0,82,0,1,0,0,1,0,0,0,0,0,0,1,0,,0
268505478,1000200823,1000185802,,,1,0,0,0,838962964,838962965,838962966,838962967,0,0,0,0,0,0,95,0,0,4,1,15934,0,1,88,1,0.15,0.15,25,1,11000000,11000000,109,1,5,5,101,1,0.05,0.05,102,1,0.05,0.05,0,0,0,0,0,0,0,0,0,0,0,0,0,0,0,0,0,0,0,0,0,0,1,6,1,0,0,1,0,4844,4843,4843,4872,4418,4417,847258803,0,0,0,-1,1,0,0,0,0,0,0,0,0,0,82,0,1,0,0,1,0,0,0,0,0,0,1,0,,0
268456157,1000004083,1000081394,"{1000037618},{1000015539}","{9792},{1000037618},{1000037618}",8,134217815,0,0,0,0,0,0,0,0,0,0,0,0,40,0,0,3,100,13244,0,100,0,0,0,0,0,0,0,0,0,0,0,0,0,0,0,0,0,0,0,0,0,0,0,0,0,0,0,0,0,0,0,0,0,0,0,0,0,0,0,0,0,0,1,0,1,0,0,1,0,0,4806,12886,4797,4418,4417,0,0,0,0,-1,1,0,0,0,0,0,0,0,0,0,46,0,1,0,0,1,0,0,0,0,0,0,1,0,,0
268456158,1000004083,1000081394,"{1000037619},{1000015539}","{10120},{1000037619},{1000037619}",8,134217816,0,0,0,0,0,0,0,0,0,0,0,0,40,0,0,3,100,13244,0,100,0,0,0,0,0,0,0,0,0,0,0,0,0,0,0,0,0,0,0,0,0,0,0,0,0,0,0,0,0,0,0,0,0,0,0,0,0,0,0,0,0,0,1,0,1,0,0,1,0,0,4806,12886,4797,4418,4417,0,0,0,0,-1,1,0,0,0,0,0,0,0,0,0,46,0,1,0,0,1,0,0,0,0,0,0,1,0,,0
268456159,1000004083,1000081394,"{1000037620},{1000015539}","{10134},{1000037620},{1000037620}",8,134217817,0,0,0,0,0,0,0,0,0,0,0,0,40,0,0,3,100,13244,0,100,0,0,0,0,0,0,0,0,0,0,0,0,0,0,0,0,0,0,0,0,0,0,0,0,0,0,0,0,0,0,0,0,0,0,0,0,0,0,0,0,0,0,1,0,1,0,0,1,0,0,4806,12886,4797,4418,4417,0,0,0,0,-1,1,0,0,0,0,0,0,0,0,0,46,0,1,0,0,1,0,0,0,0,0,0,1,0,,0
268456160,1000004083,1000081394,"{1000037621},{1000015539}","{10121},{1000037621},{1000037621}",8,134217818,0,0,0,0,0,0,0,0,0,0,0,0,50,0,0,3,100,13244,0,100,0,0,0,0,0,0,0,0,0,0,0,0,0,0,0,0,0,0,0,0,0,0,0,0,0,0,0,0,0,0,0,0,0,0,0,0,0,0,0,0,0,0,1,0,1,0,0,1,0,0,4806,12886,4797,4418,4417,0,0,0,0,-1,1,0,0,0,0,0,0,0,0,0,46,0,1,0,0,1,0,0,0,0,0,0,1,0,,0
268456161,1000004083,1000081394,"{1000038745},{1000015539}","{10046},{1000038745},{1000038745}",8,134217819,0,0,0,0,0,0,0,0,0,0,0,0,50,0,0,3,100,13244,0,100,0,0,0,0,0,0,0,0,0,0,0,0,0,0,0,0,0,0,0,0,0,0,0,0,0,0,0,0,0,0,0,0,0,0,0,0,0,0,0,0,0,0,1,0,1,0,0,1,0,0,4806,12886,4797,4418,4417,0,0,0,0,-1,1,0,0,0,0,0,0,0,0,0,46,0,1,0,0,1,0,0,0,0,0,0,1,0,,0
268456162,1000004083,1000081394,"{1000041408},{1000015539}","{10062},{1000041408},{1000041408}",8,134217820,0,0,0,0,0,0,0,0,0,0,0,0,50,0,0,3,100,13244,0,100,0,0,0,0,0,0,0,0,0,0,0,0,0,0,0,0,0,0,0,0,0,0,0,0,0,0,0,0,0,0,0,0,0,0,0,0,0,0,0,0,0,0,1,0,1,0,0,1,0,0,4806,12886,4797,4418,4417,0,0,0,0,-1,1,0,0,0,0,0,0,0,0,0,46,0,1,0,0,1,0,0,0,0,0,0,1,0,,0
268456163,1000004083,1000081394,"{1000046885},{1000015539}","{10078},{1000046885},{1000046885}",8,134217821,0,0,0,0,0,0,0,0,0,0,0,0,60,0,0,3,100,13244,0,100,0,0,0,0,0,0,0,0,0,0,0,0,0,0,0,0,0,0,0,0,0,0,0,0,0,0,0,0,0,0,0,0,0,0,0,0,0,0,0,0,0,0,1,0,1,0,0,1,0,0,4806,12886,4797,4418,4417,0,0,0,0,-1,1,0,0,0,0,0,0,0,0,0,46,0,1,0,0,1,0,0,0,0,0,0,1,0,,0
268456164,1000004083,1000081394,"{1000046886},{1000015539}","{10076},{1000046886},{1000046886}",8,134217822,0,0,0,0,0,0,0,0,0,0,0,0,60,0,0,3,100,13244,0,100,0,0,0,0,0,0,0,0,0,0,0,0,0,0,0,0,0,0,0,0,0,0,0,0,0,0,0,0,0,0,0,0,0,0,0,0,0,0,0,0,0,0,1,0,1,0,0,1,0,0,4806,12886,4797,4418,4417,0,0,0,0,-1,1,0,0,0,0,0,0,0,0,0,46,0,1,0,0,1,0,0,0,0,0,0,1,0,,0
268456165,1000004083,1000081394,"{1000055827},{1000015539}","{10151},{1000055827},{1000055827}",8,134217823,0,0,0,0,0,0,0,0,0,0,0,0,60,0,0,3,100,13244,0,100,0,0,0,0,0,0,0,0,0,0,0,0,0,0,0,0,0,0,0,0,0,0,0,0,0,0,0,0,0,0,0,0,0,0,0,0,0,0,0,0,0,0,1,0,1,0,0,1,0,0,4806,12886,4797,4418,4417,0,0,0,0,-1,1,0,0,0,0,0,0,0,0,0,46,0,1,0,0,1,0,0,0,0,0,0,1,0,,0
268456166,1000004083,1000081394,"{1000055828},{1000015539}","{10151},{1000055828},{1000055828}",8,134217824,0,0,0,0,0,0,0,0,0,0,0,0,60,0,0,3,100,13244,0,100,0,0,0,0,0,0,0,0,0,0,0,0,0,0,0,0,0,0,0,0,0,0,0,0,0,0,0,0,0,0,0,0,0,0,0,0,0,0,0,0,0,0,1,0,1,0,0,1,0,0,4806,12886,4797,4418,4417,0,0,0,0,-1,1,0,0,0,0,0,0,0,0,0,46,0,1,0,0,1,0,0,0,0,0,0,1,0,,0
268456167,1000004083,1000081394,"{1000061051},{1000015539}","{10125},{1000061051},{1000061051}",8,134217825,0,0,0,0,0,0,0,0,0,0,0,0,70,0,0,3,100,13244,0,100,0,0,0,0,0,0,0,0,0,0,0,0,0,0,0,0,0,0,0,0,0,0,0,0,0,0,0,0,0,0,0,0,0,0,0,0,0,0,0,0,0,0,1,0,1,0,0,1,0,0,4806,12886,4797,4418,4417,0,0,0,0,-1,1,0,0,0,0,0,0,0,0,0,46,0,1,0,0,1,0,0,0,0,0,0,1,0,,0
268456168,1000004083,1000081394,"{1000062604},{1000015539}","{10126},{1000062604},{1000062604}",8,134217826,0,0,0,0,0,0,0,0,0,0,0,0,70,0,0,3,100,13244,0,100,0,0,0,0,0,0,0,0,0,0,0,0,0,0,0,0,0,0,0,0,0,0,0,0,0,0,0,0,0,0,0,0,0,0,0,0,0,0,0,0,0,0,1,0,1,0,0,1,0,0,4806,12886,4797,4418,4417,0,0,0,0,-1,1,0,0,0,0,0,0,0,0,0,46,0,1,0,0,1,0,0,0,0,0,0,1,0,,0
268456169,1000004083,1000081394,"{1000066659},{1000015539}","{10212},{1000066659},{1000066659}",8,134217827,0,0,0,0,0,0,0,0,0,0,0,0,70,0,0,3,100,13244,0,100,0,0,0,0,0,0,0,0,0,0,0,0,0,0,0,0,0,0,0,0,0,0,0,0,0,0,0,0,0,0,0,0,0,0,0,0,0,0,0,0,0,0,1,0,1,0,0,1,0,0,4806,12886,4797,4418,4417,0,0,0,0,-1,1,0,0,0,0,0,0,0,0,0,46,0,1,0,0,1,0,0,0,0,0,0,1,0,,0
268456170,1000004083,1000081394,"{1000072389},{1000015539}","{10214},{1000072389},{1000072389}",8,134217828,0,0,0,0,0,0,0,0,0,0,0,0,70,0,0,3,100,13244,0,100,0,0,0,0,0,0,0,0,0,0,0,0,0,0,0,0,0,0,0,0,0,0,0,0,0,0,0,0,0,0,0,0,0,0,0,0,0,0,0,0,0,0,1,0,1,0,0,1,0,0,4806,12886,4797,4418,4417,0,0,0,0,-1,1,0,0,0,0,0,0,0,0,0,46,0,1,0,0,1,0,0,0,0,0,0,1,0,,0
268456171,1000004083,1000081639,"{1000081393},{1000015539}","{10348},{1000081393},{1000081393}",8,134217832,0,0,0,0,0,0,0,0,0,0,0,0,80,0,0,3,100,13244,0,100,0,0,0,0,0,0,0,0,0,0,0,0,0,0,0,0,0,0,0,0,0,0,0,0,0,0,0,0,0,0,0,0,0,0,0,0,0,0,0,0,0,0,1,0,1,0,0,1,0,0,4806,12886,4797,4418,4417,0,0,0,0,-1,1,0,0,0,0,0,0,0,0,0,46,0,1,0,0,1,0,0,0,0,0,0,1,0,,0
268456828,1000004083,1000081639,"{1000085282},{1000015539}","{10253},{1000085282},{1000085282}",8,134217875,0,0,0,0,0,0,0,0,0,0,0,0,80,0,0,3,100,13244,0,100,0,0,0,0,0,0,0,0,0,0,0,0,0,0,0,0,0,0,0,0,0,0,0,0,0,0,0,0,0,0,0,0,0,0,0,0,0,0,0,0,0,0,1,0,1,0,0,1,0,0,4806,12886,4797,4418,4417,0,0,0,0,-1,1,0,0,0,0,0,0,0,0,0,46,0,1,0,0,1,0,0,0,0,0,0,1,0,,0
268461869,1000004083,1000081639,"{1000091330},{1000015539}","{10263},{1000091330},{1000091330}",8,134217880,0,0,0,0,0,0,0,0,0,0,0,0,80,0,0,3,100,13244,0,100,0,0,0,0,0,0,0,0,0,0,0,0,0,0,0,0,0,0,0,0,0,0,0,0,0,0,0,0,0,0,0,0,0,0,0,0,0,0,0,0,0,0,1,0,1,0,0,1,0,0,4806,12886,4797,4418,4417,0,0,0,0,-1,1,0,0,0,0,0,0,0,0,0,46,0,1,0,0,1,0,0,0,0,0,0,1,0,,0
